,class_,Address_1,Address_2,use_p,research_date,research,phone_num,C_ad1,C_ad,temp_data,weather_data,rain_data,oz_data
0,회산샘터,37.7379463,128.8694538,50,2019-06-04,적합,033-660-3216,강원도 강릉시청,강원도 강릉시,17,"흐림, 어제보다 4˚ 높아요",0,0.039ppm
1,롯데샘터,37.7411152,128.8710397,120,2019-06-04,적합,033-660-3216,강원도 강릉시청,강원도 강릉시,17,"흐림, 어제보다 4˚ 높아요",0,0.039ppm
2,수성샘터,38.372645,128.456327,120,2018-12-06,적합,033-680-3767,강원도 고성군 상하수도사업소,강원도 고성군,17,"구름많음, 어제보다 6˚ 높아요",0,0.055ppm
3,토골샘터,38.377362,128.462107,80,2018-12-06,적합,033-680-3767,강원도 고성군 상하수도사업소,강원도 고성군,17,"구름많음, 어제보다 6˚ 높아요",0,0.055ppm
4,해맞이봉샘터,38.448909,128.464387,90,2018-12-06,적합,033-680-3767,강원도 고성군 상하수도사업소,강원도 고성군,17,"구름많음, 어제보다 6˚ 높아요",0,0.055ppm
5,행랑골샘터,38.4510706,128.4554209,95,2018-12-06,적합,033-680-3767,강원도 고성군 상하수도사업소,강원도 고성군,17,"구름많음, 어제보다 6˚ 높아요",0,0.055ppm
6,약수암샘터,38.451226,128.454205,55,2019-03-14,적합,033-680-3767,강원도 고성군 상하수도사업소,강원도 고성군,17,"구름많음, 어제보다 6˚ 높아요",0,0.055ppm
7,건봉사샘터,38.4018639,128.3771709,80,2018-12-06,적합,033-680-3767,강원도 고성군 상하수도사업소,강원도 고성군,17,"구름많음, 어제보다 6˚ 높아요",0,0.055ppm
8,옷샘터,38.394745,128.452548,30,2018-12-06,적합,033-680-3767,강원도 고성군 상하수도사업소,강원도 고성군,17,"구름많음, 어제보다 6˚ 높아요",0,0.055ppm
9,작은소골샘터,38.420843,128.459628,50,2018-12-06,적합,033-680-3767,강원도 고성군 상하수도사업소,강원도 고성군,17,"구름많음, 어제보다 6˚ 높아요",0,0.055ppm
10,포남샘터,38.427703,128.439788,0,2018-12-06,적합,033-680-3767,강원도 고성군 상하수도사업소,강원도 고성군,17,"구름많음, 어제보다 6˚ 높아요",0,0.055ppm
11,큰골샘터,38.334022,128.496913,50,2018-12-06,적합,033-680-3767,강원도 고성군 상하수도사업소,강원도 고성군,17,"구름많음, 어제보다 6˚ 높아요",0,0.055ppm
12,양리샘터,37.325307,129.214712,6,2019-02-25,적합,033-570-3829,강원도 삼척시청,강원도 삼척시,16,"흐림, 어제보다 4˚ 높아요",0,0.006ppm
13,신라샘2,38.1750809286,128.5644292337,50,2019-09-06,부적합,033-639-2332,강원도 속초시청,강원도 속초시,17,"구름많음, 어제보다 5˚ 높아요",0,0.019ppm
14,신라샘1,38.1756688475,128.5636107178,50,2019-09-06,부적합,033-639-2332,강원도 속초시청,강원도 속초시,17,"구름많음, 어제보다 5˚ 높아요",0,0.019ppm
15,상복리샘터,38.084508,128.335422,50,2019-07-11,부적합,033-670-2694,강원도 양양군 상하수도사업소,강원도 양양군,16,"구름많음, 어제보다 5˚ 높아요",0,0.047ppm
16,모노골샘터,38.045889,128.360939,150,2019-06-13,적합,033-670-2694,강원도 양양군 상하수도사업소,강원도 양양군,16,"구름많음, 어제보다 5˚ 높아요",0,0.047ppm
17,고치물샘터,38.042347,128.370398,60,2019-07-11,부적합,033-670-2694,강원도 양양군 상하수도사업소,강원도 양양군,16,"구름많음, 어제보다 5˚ 높아요",0,0.047ppm
18,한재샘터,37.595384,128.420071,40,2019-07-11,적합,033-670-2694,강원도 양양군 상하수도사업소,강원도 양양군,16,"구름많음, 어제보다 5˚ 높아요",0,0.047ppm
19,구사샘물,37.1997815,127.871515,100,2019-04-23,적합,033-737-3055,강원도 원주시청,강원도 원주시,13,"구름많음, 어제보다 0˚ 높아요",0,0.003ppm
20,밤나무골샘물,37.3521221,127.9844518,100,2019-04-23,적합,033-737-3055,강원도 원주시청,강원도 원주시,13,"구름많음, 어제보다 0˚ 높아요",0,0.003ppm
21,우두산샘물,37.3806615,127.9324378,100,2019-04-23,적합,033-737-3055,강원도 원주시청,강원도 원주시,13,"구름많음, 어제보다 0˚ 높아요",0,0.003ppm
22,구룡골샘물,37.3826661,127.9625104,150,2019-04-23,적합,033-737-3055,강원도 원주시청,강원도 원주시,13,"구름많음, 어제보다 0˚ 높아요",0,0.003ppm
23,현충탑샘물,37.3649945,127.9516578,200,2019-04-23,적합,033-737-3055,강원도 원주시청,강원도 원주시,13,"구름많음, 어제보다 0˚ 높아요",0,0.003ppm
24,보현사샘물,37.3530662,127.9614641,200,2019-04-23,적합,033-737-3055,강원도 원주시청,강원도 원주시,13,"구름많음, 어제보다 0˚ 높아요",0,0.003ppm
25,국형사샘물,37.3374498,128.0107145,300,2019-04-23,적합,033-737-3055,강원도 원주시청,강원도 원주시,13,"구름많음, 어제보다 0˚ 높아요",0,0.003ppm
26,장수샘,38.1197697,128.2136147924,50,2020-09-30,부적합,033-460-2142,강원도 인제군청,강원도 인제군,9,"구름많음, 어제보다 0˚ 높아요",20,0.015ppm
27,갯골샘,38.06675617,128.160409,100,2020-09-30,부적합,033-460-2142,강원도 인제군청,강원도 인제군,9,"구름많음, 어제보다 0˚ 높아요",20,0.015ppm
28,다라벼루샘,38.0679586,128.1881139862,50,2020-09-30,적합,033-460-2142,강원도 인제군청,강원도 인제군,9,"구름많음, 어제보다 0˚ 높아요",20,0.015ppm
29,정선군 물안이골샘터,37.20673756,128.8440227,50,2017-09-07,부적합,033-560-2529,정선군청,강원도 정선군,11,"흐림, 어제보다 2˚ 높아요",0,0.018ppm
30,정선군 도사곡샘터,37.22405405,128.7990299,50,2017-11-14,적합,033-560-2529,정선군청,강원도 정선군,11,"흐림, 어제보다 2˚ 높아요",0,0.018ppm
31,정선군 거북샘터,37.21296945,128.658878,50,2017-12-12,적합,033-560-2529,정선군청,강원도 정선군,11,"흐림, 어제보다 2˚ 높아요",0,0.018ppm
32,정선군 양지말샘터,37.47248167,128.7328429,50,2017-11-01,부적합,033-560-2529,정선군청,강원도 정선군,11,"흐림, 어제보다 2˚ 높아요",0,0.018ppm
33,정선군 도전,37.4978376,128.9159298,50,2017-12-06,적합,033-560-2529,정선군청,강원도 정선군,11,"흐림, 어제보다 2˚ 높아요",0,0.018ppm
34,정선군 송계8리,37.49815394,128.8495815,100,2017-12-06,적합,033-560-2529,정선군청,강원도 정선군,11,"흐림, 어제보다 2˚ 높아요",0,0.018ppm
35,정선군 버들고개,37.5135842,128.8465102,100,2017-11-10,적합,033-560-2529,정선군청,강원도 정선군,11,"흐림, 어제보다 2˚ 높아요",0,0.018ppm
36,토미골,38.2467431,127.4771058431,30,2018-07-26,부적합,033-450-5521,강원도 철원군,강원도 철원군,8,"맑음, 어제보다 0˚ 높아요",30,0.029ppm
37,유곡리,38.181926,127.232325,20,2018-07-26,부적합,033-450-5521,강원도 철원군,강원도 철원군,8,"맑음, 어제보다 0˚ 높아요",30,0.029ppm
38,금학산,38.121089,127.123543,100,2018-07-26,적합,033-450-5521,강원도 철원군,강원도 철원군,8,"맑음, 어제보다 0˚ 높아요",30,0.029ppm
39,사문안골,38.122818,127.122702,100,2018-07-26,적합,033-450-5521,강원도 철원군,강원도 철원군,8,"맑음, 어제보다 0˚ 높아요",30,0.029ppm
40,일광사,38.2358476,127.4434031714,10,2018-07-26,부적합,033-450-5521,강원도 철원군,강원도 철원군,8,"맑음, 어제보다 0˚ 높아요",30,0.029ppm
41,천황지,38.2238728058,127.2074772656,20,2018-07-26,부적합,033-450-5521,강원도 철원군,강원도 철원군,8,"맑음, 어제보다 0˚ 높아요",30,0.029ppm
42,향교,38.2179287324,127.209036802,20,2018-07-26,부적합,033-450-5521,강원도 철원군,강원도 철원군,8,"맑음, 어제보다 0˚ 높아요",30,0.029ppm
43,생수가든샘터,37.8687445,127.7039311604,150,2019-07-02,적합,033-250-4949,춘천시,강원도 춘천시,10,"구름많음, 어제보다 1˚ 낮아요",20,0.003ppm
44,용왕샘터,37.9501770448,127.7200256799,250,2019-07-02,적합,033-250-4949,춘천시,강원도 춘천시,10,"구름많음, 어제보다 1˚ 낮아요",20,0.003ppm
45,용정,37.12807427,128.9676473,300,2020-06-18,적합,033-550-2733,상수도사업소,강원도 태백시,12,"흐림, 어제보다 5˚ 높아요",20,-ppm
46,메밀뜰,37.094121,129.022891,5,2020-06-18,적합,033-550-2733,상수도사업소,강원도 태백시,12,"흐림, 어제보다 5˚ 높아요",20,-ppm
47,문화동골,37.0939905,129.0190205,20,2020-06-18,적합,033-550-2733,상수도사업소,강원도 태백시,12,"흐림, 어제보다 5˚ 높아요",20,-ppm
48,계량촌,37.10771645,128.9928423,10,2020-06-18,적합,033-550-2733,상수도사업소,강원도 태백시,12,"흐림, 어제보다 5˚ 높아요",20,-ppm
49,건널목,37.11972209,129.0463145,40,2020-06-18,적합,033-550-2733,상수도사업소,강원도 태백시,12,"흐림, 어제보다 5˚ 높아요",20,-ppm
50,초당,37.16184622,129.0403798,5,2020-06-18,적합,033-550-2733,상수도사업소,강원도 태백시,12,"흐림, 어제보다 5˚ 높아요",20,-ppm
51,너덜,37.200099,128.918164,15,2020-06-18,적합,033-550-2733,상수도사업소,강원도 태백시,12,"흐림, 어제보다 5˚ 높아요",20,-ppm
52,마을,37.180998,128.988878,20,2020-06-18,적합,033-550-2733,상수도사업소,강원도 태백시,12,"흐림, 어제보다 5˚ 높아요",20,-ppm
53,한마음2,37.16991171,128.9950706,100,2020-06-18,적합,033-550-2733,상수도사업소,강원도 태백시,12,"흐림, 어제보다 5˚ 높아요",20,-ppm
54,연화산,37.16991171,128.9950706,30,2020-06-18,적합,033-550-2733,상수도사업소,강원도 태백시,12,"흐림, 어제보다 5˚ 높아요",20,-ppm
55,절골,37.1708454,128.9617838,25,2020-06-18,적합,033-550-2733,상수도사업소,강원도 태백시,12,"흐림, 어제보다 5˚ 높아요",20,-ppm
56,상원사샘터,37.787011,128.55658,50,2019-01-24,적합,033-330-2444,평창군,강원도 평창군,10,"흐림, 어제보다 2˚ 높아요",0,0.003ppm
57,서곡리샘터,37.824603,128.121903,100,2018-08-10,적합,033-430-4272,홍천군 상수도사업소,강원도 홍천군,11,"구름많음, 어제보다 0˚ 높아요",20,0.003ppm
58,노천리샘터,37.666285,128.057849,50,2018-08-10,부적합,033-430-4272,홍천군 상수도사업소,강원도 홍천군,11,"구름많음, 어제보다 0˚ 높아요",20,0.003ppm
59,닭바위샘터,37.412518,127.543071,10,2018-08-10,부적합,033-430-4272,홍천군 상수도사업소,강원도 홍천군,11,"구름많음, 어제보다 0˚ 높아요",20,0.003ppm
60,석화산 샘터,37.415628,127.531552,50,2018-08-10,부적합,033-430-4272,홍천군 상수도사업소,강원도 홍천군,11,"구름많음, 어제보다 0˚ 높아요",20,0.003ppm
61,잿골샘터,37.415951,127.523566,50,2018-08-10,부적합,033-430-4272,홍천군 상수도사업소,강원도 홍천군,11,"구름많음, 어제보다 0˚ 높아요",20,0.003ppm
62,망태골샘터,38.045547,127.795885,50,2016-08-17,부적합,033-440-2332,화천군 환경수도사업소,강원도 화천군,8,"구름많음, 어제보다 0˚ 높아요",20,0.015ppm
63,화악샘터,38.004995,127.525639,100,2016-08-17,적합,033-440-2332,화천군 환경수도사업소,강원도 화천군,8,"구름많음, 어제보다 0˚ 높아요",20,0.015ppm
64,용담샘터,38.054784,127.562236,100,2016-08-17,적합,033-440-2332,화천군 환경수도사업소,강원도 화천군,8,"구름많음, 어제보다 0˚ 높아요",20,0.015ppm
65,밤골샘터,38.205118,127.668708,30,2016-08-17,적합,033-440-2332,화천군 환경수도사업소,강원도 화천군,8,"구름많음, 어제보다 0˚ 높아요",20,0.015ppm
66,동산샘터,38.109174,127.704336,30,2016-07-14,적합,033-440-2332,화천군 환경수도사업소,강원도 화천군,8,"구름많음, 어제보다 0˚ 높아요",20,0.015ppm
67,약사전약수터,37.4955217,127.794232,1,2018-07-25,적합,033-340-5826,상하수도사업소,강원도 횡성군,10,"구름많음, 어제보다 0˚ 높아요",0,0.002ppm
68,보납산Ⅰ,38.309371,127.451827,100,2019-07-25,적합,031-580-4425,가평군청,경기도 가평군,9,"구름많음, 어제보다 0˚ 높아요",30,0.013ppm
69,경춘도로,38.105659,127.065925,150,2019-07-25,적합,031-580-4425,가평군청,경기도 가평군,9,"구름많음, 어제보다 0˚ 높아요",30,0.013ppm
70,수덕산,37.901604,127.517511,100,2019-07-25,적합,031-580-4425,가평군청,경기도 가평군,9,"구름많음, 어제보다 0˚ 높아요",30,0.013ppm
71,명봉 약수터,37.7300662957,126.856569714,150,2018-08-22,부적합,031-8075-4550,고양시 상하도사업소,경기도 고양시,14,"구름많음, 어제보다 4˚ 높아요",30,0.002ppm
72,골안 약수터,37.68949242,126.8869799907,300,2018-08-22,부적합,031-8075-4550,고양시 상하도사업소,경기도 고양시,14,"구름많음, 어제보다 4˚ 높아요",30,0.002ppm
73,유곽골(화전) 약수터,37.5967375115,126.8835256091,200,2018-08-23,적합,031-8075-4550,고양시 상하도사업소,경기도 고양시,14,"구름많음, 어제보다 4˚ 높아요",30,0.002ppm
74,대동사 약수터,37.6554896653,126.9701189171,50,2018-08-22,적합,031-8075-4550,고양시 상하도사업소,경기도 고양시,14,"구름많음, 어제보다 4˚ 높아요",30,0.002ppm
75,국사봉 약수터,37.6492107459,126.8456416913,100,2018-08-22,부적합,031-8075-4550,고양시 상하도사업소,경기도 고양시,14,"구름많음, 어제보다 4˚ 높아요",30,0.002ppm
76,큰골 약수터,37.6680500664,126.9063323742,100,2018-08-23,부적합,031-8075-4550,고양시 상하도사업소,경기도 고양시,14,"구름많음, 어제보다 4˚ 높아요",30,0.002ppm
77,천일 약수터,37.65960022,126.8798173,100,2018-08-23,부적합,031-8075-4550,고양시 상하도사업소,경기도 고양시,14,"구름많음, 어제보다 4˚ 높아요",30,0.002ppm
78,대궐고개 약수터,37.6758159789,126.8326239,100,2018-08-22,부적합,031-8075-4550,고양시 상하도사업소,경기도 고양시,14,"구름많음, 어제보다 4˚ 높아요",30,0.002ppm
79,성불사 약수터,37.58933508,126.890644,100,2018-08-23,부적합,031-8075-4550,고양시 상하도사업소,경기도 고양시,14,"구름많음, 어제보다 4˚ 높아요",30,0.002ppm
80,덕산 약수터,37.6043966975,126.9010963637,100,2018-08-22,부적합,031-8075-4550,고양시 상하도사업소,경기도 고양시,14,"구름많음, 어제보다 4˚ 높아요",30,0.002ppm
81,꽃마을 약수터,37.6319716458,126.8410394,150,2018-08-22,부적합,031-8075-4550,고양시 상하도사업소,경기도 고양시,14,"구름많음, 어제보다 4˚ 높아요",30,0.002ppm
82,마두 약수터,37.6648965869,126.7768078051,100,2018-08-23,부적합,031-8075-4550,고양시 상하도사업소,경기도 고양시,14,"구름많음, 어제보다 4˚ 높아요",30,0.002ppm
83,수연 약수터,37.6927914402,126.7945317822,200,2018-08-23,적합,031-8075-4550,고양시 상하도사업소,경기도 고양시,14,"구름많음, 어제보다 4˚ 높아요",30,0.002ppm
84,능안골 약수터,37.6735292884,126.8192397133,300,2018-08-22,적합,031-8075-4550,고양시 상하도사업소,경기도 고양시,14,"구름많음, 어제보다 4˚ 높아요",30,0.002ppm
85,중산마을 약수터,37.68860006,126.784819,500,2018-08-23,적합,031-8075-4550,고양시 상하도사업소,경기도 고양시,14,"구름많음, 어제보다 4˚ 높아요",30,0.002ppm
86,범룡골 약수터,37.70024679,126.7719718,0,2018-08-23,부적합,031-8075-4550,고양시 상하도사업소,경기도 고양시,14,"구름많음, 어제보다 4˚ 높아요",30,0.002ppm
87,물애비,37.458237,126.994587,70,2019-05-02,적합,02-2150-3722,과천시 맑은물사업소,경기도 과천시,10,"맑음, 어제보다 1˚ 높아요",30,0.002ppm
88,아랫배랭이,37.425831,127.002575,130,2019-05-02,적합,02-2150-3722,과천시 맑은물사업소,경기도 과천시,10,"맑음, 어제보다 1˚ 높아요",30,0.002ppm
89,문원 약수터,37.427285,127.006065,90,2019-05-02,적합,02-2150-3722,과천시 맑은물사업소,경기도 과천시,10,"맑음, 어제보다 1˚ 높아요",30,0.002ppm
90,5.6호(1),37.421169,127.003939,125,2019-05-02,적합,02-2150-3722,과천시 맑은물사업소,경기도 과천시,10,"맑음, 어제보다 1˚ 높아요",30,0.002ppm
91,사기막골(2),37.415236,127.007803,90,2019-05-02,적합,02-2150-3722,과천시 맑은물사업소,경기도 과천시,10,"맑음, 어제보다 1˚ 높아요",30,0.002ppm
92,매봉(1),37.420509,127.011922,180,2019-05-02,적합,02-2150-3722,과천시 맑은물사업소,경기도 과천시,10,"맑음, 어제보다 1˚ 높아요",30,0.002ppm
93,사기막골(1),37.417333,127.008563,70,2019-05-02,적합,02-2150-3722,과천시 맑은물사업소,경기도 과천시,10,"맑음, 어제보다 1˚ 높아요",30,0.002ppm
94,삼 포,37.443485,127.022137,50,2019-05-02,적합,02-2150-3722,과천시 맑은물사업소,경기도 과천시,10,"맑음, 어제보다 1˚ 높아요",30,0.002ppm
95,무당바위,37.433371,126.9861927148,80,2019-05-02,적합,02-2150-3722,과천시 맑은물사업소,경기도 과천시,10,"맑음, 어제보다 1˚ 높아요",30,0.002ppm
96,등산로(상),37.068127,127.069814,80,2019-05-02,적합,02-2150-3722,과천시 맑은물사업소,경기도 과천시,10,"맑음, 어제보다 1˚ 높아요",30,0.002ppm
97,연주샘,37.4430703,126.9670876,50,2019-05-02,부적합,02-2150-3722,과천시 맑은물사업소,경기도 과천시,10,"맑음, 어제보다 1˚ 높아요",30,0.002ppm
98,안골,37.40644887,127.2468790853,100,2019-02-12,적합,031-760-2609,경기도 광주시청,경기도 광주시,11,"구름많음, 어제보다 1˚ 높아요",30,0.002ppm
99,남문,37.47633702,127.1831533,130,2019-02-12,적합,031-760-2609,경기도 광주시청,경기도 광주시,11,"구름많음, 어제보다 1˚ 높아요",30,0.002ppm
100,북문,37.4810604,127.1821006109,120,2019-02-12,적합,031-760-2609,경기도 광주시청,경기도 광주시,11,"구름많음, 어제보다 1˚ 높아요",30,0.002ppm
101,국청사,37.48409112,127.1773501454,50,2019-02-12,적합,031-760-2609,경기도 광주시청,경기도 광주시,11,"구름많음, 어제보다 1˚ 높아요",30,0.002ppm
102,숭열전입구,37.48138941,127.1799668864,50,2019-02-12,적합,031-760-2609,경기도 광주시청,경기도 광주시,11,"구름많음, 어제보다 1˚ 높아요",30,0.002ppm
103,칠사산,37.42304472,127.2696201,100,2019-02-12,적합,031-760-2609,경기도 광주시청,경기도 광주시,11,"구름많음, 어제보다 1˚ 높아요",30,0.002ppm
104,양벌,37.38155191,127.2569233,30,2019-02-12,적합,031-760-2609,경기도 광주시청,경기도 광주시,11,"구름많음, 어제보다 1˚ 높아요",30,0.002ppm
105,엄마,37.596573,127.121037,450,2018-04-24,적합,031-550-8587,경기도 구리시청,경기도 구리시,10,"구름많음, 어제보다 0˚ 높아요",30,0.004ppm
106,동락천,37.592162,127.114101,1040,2018-04-24,적합,031-550-8587,경기도 구리시청,경기도 구리시,10,"구름많음, 어제보다 0˚ 높아요",30,0.004ppm
107,형제,37.591802,127.122297,1450,2018-04-24,적합,031-550-8587,경기도 구리시청,경기도 구리시,10,"구름많음, 어제보다 0˚ 높아요",30,0.004ppm
108,동화천,37.577893,127.109211,680,2018-04-24,적합,031-550-8587,경기도 구리시청,경기도 구리시,10,"구름많음, 어제보다 0˚ 높아요",30,0.004ppm
109,강신,37.558615,127.105664,120,2018-04-24,적합,031-550-8587,경기도 구리시청,경기도 구리시,10,"구름많음, 어제보다 0˚ 높아요",30,0.004ppm
110,다산,37.3500241,126.9302941,50,2019-08-22,적합,031-390-3252,군포시수도과,경기도 군포시,15,"구름많음, 어제보다 3˚ 높아요",30,0.004ppm
111,오금,37.3528091,126.9352012,200,2019-08-22,적합,031-390-3252,군포시수도과,경기도 군포시,15,"구름많음, 어제보다 3˚ 높아요",30,0.004ppm
112,희망,37.3564221,126.9418311,200,2019-08-22,적합,031-390-3252,군포시수도과,경기도 군포시,15,"구름많음, 어제보다 3˚ 높아요",30,0.004ppm
113,장수,37.3500574868,126.9390938985,50,2019-08-22,적합,031-390-3252,군포시수도과,경기도 군포시,15,"구름많음, 어제보다 3˚ 높아요",30,0.004ppm
114,능안,37.3718228523,126.9327224685,50,2019-08-22,적합,031-390-3252,군포시수도과,경기도 군포시,15,"구름많음, 어제보다 3˚ 높아요",30,0.004ppm
115,피크닉장,37.3566231,126.9157431,200,2019-08-22,적합,031-390-3252,군포시수도과,경기도 군포시,15,"구름많음, 어제보다 3˚ 높아요",30,0.004ppm
116,산딸기,37.3566291,126.9143431,150,2019-08-22,적합,031-390-3252,군포시수도과,경기도 군포시,15,"구름많음, 어제보다 3˚ 높아요",30,0.004ppm
117,감투봉,37.3427061,126.9282899,20,2019-08-22,부적합,031-390-3252,군포시수도과,경기도 군포시,15,"구름많음, 어제보다 3˚ 높아요",30,0.004ppm
118,수리,37.3731271,126.9266911,200,2019-08-22,적합,031-390-3252,군포시수도과,경기도 군포시,15,"구름많음, 어제보다 3˚ 높아요",30,0.004ppm
119,광천,37.3613981,126.9177521,100,2019-08-22,적합,031-390-3252,군포시수도과,경기도 군포시,15,"구름많음, 어제보다 3˚ 높아요",30,0.004ppm
120,주공4단지,37.3479221,126.9294521,80,2019-08-22,적합,031-390-3252,군포시수도과,경기도 군포시,15,"구름많음, 어제보다 3˚ 높아요",30,0.004ppm
121,속달,37.3379388,126.9083673,20,2019-08-22,적합,031-390-3252,군포시수도과,경기도 군포시,15,"구름많음, 어제보다 3˚ 높아요",30,0.004ppm
122,초원약수터,37.6166832,126.7043048,250,2019-04-17,부적합,031-980-5683,김포시 상하수도사업소,경기도 김포시,13,"맑음, 어제보다 1˚ 높아요",30,0.012ppm
123,신곡약수터,37.6092841,126.7782485,100,2019-04-17,부적합,031-980-5683,김포시 상하수도사업소,경기도 김포시,13,"맑음, 어제보다 1˚ 높아요",30,0.012ppm
124,수안산약수터,37.6406443,126.5865494,90,2019-04-17,적합,031-980-5683,김포시 상하수도사업소,경기도 김포시,13,"맑음, 어제보다 1˚ 높아요",30,0.012ppm
125,사우약수터,37.6135777,126.7127094,250,2019-04-30,적합,031-980-5683,김포시 상하수도사업소,경기도 김포시,13,"맑음, 어제보다 1˚ 높아요",30,0.012ppm
126,구래약수터,37.6294253,126.6382017,120,2019-04-17,적합,031-980-5683,김포시 상하수도사업소,경기도 김포시,13,"맑음, 어제보다 1˚ 높아요",30,0.012ppm
127,천현약수터,37.6495733,126.6866586,130,2019-04-17,부적합,031-980-5683,김포시 상하수도사업소,경기도 김포시,13,"맑음, 어제보다 1˚ 높아요",30,0.012ppm
128,검바위약수터,37.7052527,126.5912583,250,2019-04-17,부적합,031-980-5683,김포시 상하수도사업소,경기도 김포시,13,"맑음, 어제보다 1˚ 높아요",30,0.012ppm
129,원산리약수터,37.7237941,126.6188739,210,2019-04-17,부적합,031-980-5683,김포시 상하수도사업소,경기도 김포시,13,"맑음, 어제보다 1˚ 높아요",30,0.012ppm
130,오복,37.4671836733,126.789386159,120,2020-02-10,적합,032-625-3578,경기도 부천시청,경기도 부천시,14,"구름많음, 어제보다 1˚ 높아요",30,0.002ppm
131,청심,37.4768750974,126.7875723564,100,2020-02-10,적합,032-625-3578,경기도 부천시청,경기도 부천시,14,"구름많음, 어제보다 1˚ 높아요",30,0.002ppm
132,송내,37.478273185,126.762873652,130,2020-02-10,부적합,032-625-3578,경기도 부천시청,경기도 부천시,14,"구름많음, 어제보다 1˚ 높아요",30,0.002ppm
133,송학,37.4730728043,126.7685800299,100,2020-02-10,부적합,032-625-3578,경기도 부천시청,경기도 부천시,14,"구름많음, 어제보다 1˚ 높아요",30,0.002ppm
134,성주산,37.4752112139,126.784276057,200,2020-02-10,부적합,032-625-3578,경기도 부천시청,경기도 부천시,14,"구름많음, 어제보다 1˚ 높아요",30,0.002ppm
135,정명,37.4739309386,126.7742976041,130,2020-02-10,적합,032-625-3578,경기도 부천시청,경기도 부천시,14,"구름많음, 어제보다 1˚ 높아요",30,0.002ppm
136,도당제2,37.5115615701,126.7916011011,100,2020-02-10,부적합,032-625-3578,경기도 부천시청,경기도 부천시,14,"구름많음, 어제보다 1˚ 높아요",30,0.002ppm
137,춘덕,37.4951186892,126.802050832,100,2020-02-10,부적합,032-625-3578,경기도 부천시청,경기도 부천시,14,"구름많음, 어제보다 1˚ 높아요",30,0.002ppm
138,영정천,37.5160628247,126.8219363787,50,2020-02-10,부적합,032-625-3578,경기도 부천시청,경기도 부천시,14,"구름많음, 어제보다 1˚ 높아요",30,0.002ppm
139,한샘,37.5023452456,126.8024046792,100,2020-02-10,적합,032-625-3578,경기도 부천시청,경기도 부천시,14,"구름많음, 어제보다 1˚ 높아요",30,0.002ppm
140,무지개,37.336679,127.118989,50,2019-02-12,적합,031-729-4094,경기도 성남시 맑은물관리사업소,경기도 성남시,12,"구름많음, 어제보다 1˚ 높아요",30,0.014ppm
141,대도사,37.372617,127.156059,100,2019-02-12,적합,031-729-4094,경기도 성남시 맑은물관리사업소,경기도 성남시,12,"구름많음, 어제보다 1˚ 높아요",30,0.014ppm
142,중앙공원,37.3803076563,127.1211786695,120,2019-02-12,적합,031-729-4094,경기도 성남시 맑은물관리사업소,경기도 성남시,12,"구름많음, 어제보다 1˚ 높아요",30,0.014ppm
143,매화,37.40653104,127.151957,80,2019-02-12,적합,031-729-4094,경기도 성남시 맑은물관리사업소,경기도 성남시,12,"구름많음, 어제보다 1˚ 높아요",30,0.014ppm
144,한천,37.394652,127.141901,20,2019-02-12,부적합,031-729-4094,경기도 성남시 맑은물관리사업소,경기도 성남시,12,"구름많음, 어제보다 1˚ 높아요",30,0.014ppm
145,단대,37.4547865481,127.1588221794,50,2019-02-12,적합,031-729-4094,경기도 성남시 맑은물관리사업소,경기도 성남시,12,"구름많음, 어제보다 1˚ 높아요",30,0.014ppm
146,영장,37.454768,127.142314,100,2019-02-12,적합,031-729-4094,경기도 성남시 맑은물관리사업소,경기도 성남시,12,"구름많음, 어제보다 1˚ 높아요",30,0.014ppm
147,약진로변,37.457656,127.146779,50,2019-02-12,적합,031-729-4094,경기도 성남시 맑은물관리사업소,경기도 성남시,12,"구름많음, 어제보다 1˚ 높아요",30,0.014ppm
148,윗가마절,37.455279,127.141048,100,2019-02-12,적합,031-729-4094,경기도 성남시 맑은물관리사업소,경기도 성남시,12,"구름많음, 어제보다 1˚ 높아요",30,0.014ppm
149,독정,37.454717,127.141663,150,2019-02-12,적합,031-729-4094,경기도 성남시 맑은물관리사업소,경기도 성남시,12,"구름많음, 어제보다 1˚ 높아요",30,0.014ppm
150,사곡천,37.447434,127.174911,150,2019-02-12,적합,031-729-4094,경기도 성남시 맑은물관리사업소,경기도 성남시,12,"구름많음, 어제보다 1˚ 높아요",30,0.014ppm
151,뫼우리,37.441972,127.182067,50,2019-02-12,적합,031-729-4094,경기도 성남시 맑은물관리사업소,경기도 성남시,12,"구름많음, 어제보다 1˚ 높아요",30,0.014ppm
152,윗사기막,37.450551,127.179007,120,2019-02-12,적합,031-729-4094,경기도 성남시 맑은물관리사업소,경기도 성남시,12,"구름많음, 어제보다 1˚ 높아요",30,0.014ppm
153,뒷골,37.417518,127.142122,70,2019-02-12,적합,031-729-4094,경기도 성남시 맑은물관리사업소,경기도 성남시,12,"구름많음, 어제보다 1˚ 높아요",30,0.014ppm
154,산성,37.471253,127.176857,70,2019-02-12,적합,031-729-4094,경기도 성남시 맑은물관리사업소,경기도 성남시,12,"구름많음, 어제보다 1˚ 높아요",30,0.014ppm
155,고당,37.470742,127.176602,100,2019-02-12,적합,031-729-4094,경기도 성남시 맑은물관리사업소,경기도 성남시,12,"구름많음, 어제보다 1˚ 높아요",30,0.014ppm
156,중원,37.472411,127.178675,80,2019-02-12,적합,031-729-4094,경기도 성남시 맑은물관리사업소,경기도 성남시,12,"구름많음, 어제보다 1˚ 높아요",30,0.014ppm
157,망덕,37.452691,127.174601,80,2019-02-12,부적합,031-729-4094,경기도 성남시 맑은물관리사업소,경기도 성남시,12,"구름많음, 어제보다 1˚ 높아요",30,0.014ppm
158,검단(하대원),37.431285,127.145624,50,2019-02-12,적합,031-729-4094,경기도 성남시 맑은물관리사업소,경기도 성남시,12,"구름많음, 어제보다 1˚ 높아요",30,0.014ppm
159,윗속말,37.424501,127.142501,120,2019-02-12,적합,031-729-4094,경기도 성남시 맑은물관리사업소,경기도 성남시,12,"구름많음, 어제보다 1˚ 높아요",30,0.014ppm
160,광이재,37.2702888,126.933866,300,2020-01-14,적합,031-228-6334,경기도 수원시 권선구청,경기도 수원시,15,"구름많음, 어제보다 3˚ 높아요",30,0.001ppm
161,칠보산,37.2905018,126.93342292,200,2020-01-14,적합,031-228-6334,경기도 수원시 권선구청,경기도 수원시,15,"구름많음, 어제보다 3˚ 높아요",30,0.001ppm
162,용화출,37.254839,127.037958,50,2019-11-20,적합,031-228-8918,경기도 수원시 영통구청,경기도 수원시,15,"구름많음, 어제보다 3˚ 높아요",30,0.001ppm
163,구매탄,37.270119,127.040468,300,2020-01-13,적합,031-228-8918,경기도 수원시 영통구청,경기도 수원시,15,"구름많음, 어제보다 3˚ 높아요",30,0.001ppm
164,반달공원,37.250932873,127.0788698443,170,2020-01-13,적합,031-228-8918,경기도 수원시 영통구청,경기도 수원시,15,"구름많음, 어제보다 3˚ 높아요",30,0.001ppm
165,살구골,37.2485202568,127.0696429237,150,2019-11-20,적합,031-228-8918,경기도 수원시 영통구청,경기도 수원시,15,"구름많음, 어제보다 3˚ 높아요",30,0.001ppm
166,사색,37.2823710458,127.05478709,90,2020-01-13,적합,031-228-8918,경기도 수원시 영통구청,경기도 수원시,15,"구름많음, 어제보다 3˚ 높아요",30,0.001ppm
167,열림,37.309579,127.037789,100,2020-01-13,적합,031-228-8918,경기도 수원시 영통구청,경기도 수원시,15,"구름많음, 어제보다 3˚ 높아요",30,0.001ppm
168,광교중앙,37.292434,127.062913,220,2020-01-13,적합,031-228-8918,경기도 수원시 영통구청,경기도 수원시,15,"구름많음, 어제보다 3˚ 높아요",30,0.001ppm
169,혜령,37.2882680233,127.045247,190,2020-01-13,적합,031-228-8918,경기도 수원시 영통구청,경기도 수원시,15,"구름많음, 어제보다 3˚ 높아요",30,0.001ppm
170,절터,37.345912,127.024025,300,2020-01-21,부적합,031-228-5348,경기도 수원시 장안구청,경기도 수원시,15,"구름많음, 어제보다 3˚ 높아요",30,0.001ppm
171,구기,37.315433,127.007915,250,2020-01-20,적합,031-228-5348,경기도 수원시 장안구청,경기도 수원시,15,"구름많음, 어제보다 3˚ 높아요",30,0.001ppm
172,금바위,37.3164972102,127.0087134994,50,2020-01-20,부적합,031-228-5348,경기도 수원시 장안구청,경기도 수원시,15,"구름많음, 어제보다 3˚ 높아요",30,0.001ppm
173,퉁소바위,37.290876,127.024504,150,2020-01-21,적합,031-228-5348,경기도 수원시 장안구청,경기도 수원시,15,"구름많음, 어제보다 3˚ 높아요",30,0.001ppm
174,율전,37.310185,126.971543,300,2020-01-20,적합,031-228-5348,경기도 수원시 장안구청,경기도 수원시,15,"구름많음, 어제보다 3˚ 높아요",30,0.001ppm
175,한마음,37.309078,127.021795,100,2020-01-20,적합,031-228-5348,경기도 수원시 장안구청,경기도 수원시,15,"구름많음, 어제보다 3˚ 높아요",30,0.001ppm
176,계명,37.312436,127.999677,50,2020-01-20,적합,031-228-5348,경기도 수원시 장안구청,경기도 수원시,15,"구름많음, 어제보다 3˚ 높아요",30,0.001ppm
177,한철,37.32303147,127.0067322,300,2020-01-20,적합,031-228-5348,경기도 수원시 장안구청,경기도 수원시,15,"구름많음, 어제보다 3˚ 높아요",30,0.001ppm
178,신금암2호,37.327965,126.994508,200,2020-01-20,적합,031-228-5348,경기도 수원시 장안구청,경기도 수원시,15,"구름많음, 어제보다 3˚ 높아요",30,0.001ppm
179,신선,37.319809339,126.99967791,100,2020-01-21,부적합,031-228-5348,경기도 수원시 장안구청,경기도 수원시,15,"구름많음, 어제보다 3˚ 높아요",30,0.001ppm
180,삼익,37.319607,126.997943,50,2020-01-21,부적합,031-228-5348,경기도 수원시 장안구청,경기도 수원시,15,"구름많음, 어제보다 3˚ 높아요",30,0.001ppm
181,문암골1호,37.320932,127.035624,150,2020-01-21,부적합,031-228-5348,경기도 수원시 장안구청,경기도 수원시,15,"구름많음, 어제보다 3˚ 높아요",30,0.001ppm
182,백년수,37.3166254866,127.0343677538,200,2020-01-21,적합,031-228-5348,경기도 수원시 장안구청,경기도 수원시,15,"구름많음, 어제보다 3˚ 높아요",30,0.001ppm
183,팔달,37.2754118,127.0104673,50,2020-01-29,적합,031-228-4473,경기도 수원시 화성사업소,경기도 수원시,15,"구름많음, 어제보다 3˚ 높아요",30,0.001ppm
184,효원,37.2800584972,127.0128095041,100,2020-01-29,적합,031-228-4473,경기도 수원시 화성사업소,경기도 수원시,15,"구름많음, 어제보다 3˚ 높아요",30,0.001ppm
185,수성,37.2823331,127.0061638,100,2020-01-29,부적합,031-228-4473,경기도 수원시 화성사업소,경기도 수원시,15,"구름많음, 어제보다 3˚ 높아요",30,0.001ppm
186,화서,37.1628186,127.0038533,100,2020-01-15,적합,031-228-7387,경기도 수원시 팔달구청,경기도 수원시,15,"구름많음, 어제보다 3˚ 높아요",30,0.001ppm
187,숙지산,37.285657197,127.000614474,300,2020-01-15,적합,031-228-7387,경기도 수원시 팔달구청,경기도 수원시,15,"구름많음, 어제보다 3˚ 높아요",30,0.001ppm
188,능곡,37.3696788828,126.8172387095,50,2020-04-03,적합,031-310-2342,경기도 시흥시청,경기도 시흥시,14,"구름많음, 어제보다 1˚ 높아요",30,0.004ppm
189,청용,37.4519678,126.7855024,80,2020-04-03,적합,031-310-2342,경기도 시흥시청,경기도 시흥시,14,"구름많음, 어제보다 1˚ 높아요",30,0.004ppm
190,비둘기공원,37.026304,126.47381,100,2020-04-03,적합,031-310-2342,경기도 시흥시청,경기도 시흥시,14,"구름많음, 어제보다 1˚ 높아요",30,0.004ppm
191,황고개,37.22174,126.47264,30,2020-04-03,부적합,031-310-6135,경기도 시흥시청,경기도 시흥시,14,"구름많음, 어제보다 1˚ 높아요",30,0.004ppm
192,생금우물,37.3545146,126.7099128,100,2020-04-03,적합,031-310-2342,경기도 시흥시청,경기도 시흥시,14,"구름많음, 어제보다 1˚ 높아요",30,0.004ppm
193,목감,37.3845972178,126.8513844235,30,2020-04-03,적합,031-310-6135,경기도 시흥시청,경기도 시흥시,14,"구름많음, 어제보다 1˚ 높아요",30,0.004ppm
194,산신,37.2358,126.48274,50,2020-04-03,적합,031-310-6183,경기도 시흥시청,경기도 시흥시,14,"구름많음, 어제보다 1˚ 높아요",30,0.004ppm
195,예술대약수터,37.3334133644,126.836241,180,2019-06-11,적합,031-481-3685,경기도 안산시 상하수도사업소,경기도 안산시,12,"구름많음, 어제보다 4˚ 높아요",30,0.002ppm
196,구봉이약수터,37.258289,126.573127,50,2019-06-11,적합,031-481-3685,경기도 안산시 상하수도사업소,경기도 안산시,12,"구름많음, 어제보다 4˚ 높아요",30,0.002ppm
197,꽃빛공원약수터,37.342539,126.833777,480,2019-06-11,적합,031-481-3685,경기도 안산시 상하수도사업소,경기도 안산시,12,"구름많음, 어제보다 4˚ 높아요",30,0.002ppm
198,너구리약수터,37.336361,126.871881,100,2019-06-11,적합,031-481-3685,경기도 안산시 상하수도사업소,경기도 안산시,12,"구름많음, 어제보다 4˚ 높아요",30,0.002ppm
199,수암약수터,37.372041,126.897731,300,2019-06-11,적합,031-481-3685,경기도 안산시 상하수도사업소,경기도 안산시,12,"구름많음, 어제보다 4˚ 높아요",30,0.002ppm
200,용화약수터,37.364565,126.889788,240,2019-06-11,적합,031-481-3685,경기도 안산시 상하수도사업소,경기도 안산시,12,"구름많음, 어제보다 4˚ 높아요",30,0.002ppm
201,동막골약수터,37.350414,126.884903,52,2019-06-11,적합,031-481-3685,경기도 안산시 상하수도사업소,경기도 안산시,12,"구름많음, 어제보다 4˚ 높아요",30,0.002ppm
202,간촌1,37.414748,126.9646494,486,2019-08-26,적합,031-8045-5666,경기도 안양시,경기도 안양시,16,"구름많음, 어제보다 0˚ 높아요",30,0.003ppm
203,관상,37.4223563,126.962596,294,2019-08-26,부적합,031-8045-5666,경기도 안양시,경기도 안양시,16,"구름많음, 어제보다 0˚ 높아요",30,0.003ppm
204,충의,37.406658,126.9392442,185,2019-08-26,적합,031-8045-5666,경기도 안양시,경기도 안양시,16,"구름많음, 어제보다 0˚ 높아요",30,0.003ppm
205,매천,37.4171183,126.957056,350,2019-08-26,부적합,031-8045-5666,경기도 안양시,경기도 안양시,16,"구름많음, 어제보다 0˚ 높아요",30,0.003ppm
206,갈산,37.3807813765,126.9623692382,150,2019-08-26,적합,031-8045-5666,경기도 안양시,경기도 안양시,16,"구름많음, 어제보다 0˚ 높아요",30,0.003ppm
207,석천,37.411524,126.905384,315,2019-08-26,적합,031-8045-5666,경기도 안양시,경기도 안양시,16,"구름많음, 어제보다 0˚ 높아요",30,0.003ppm
208,냉천,37.390306,126.923515,61,2019-08-26,부적합,031-8045-5666,경기도 안양시,경기도 안양시,16,"구름많음, 어제보다 0˚ 높아요",30,0.003ppm
209,만안,37.386145,126.9262235927,38,2019-08-26,부적합,031-8045-5666,경기도 안양시,경기도 안양시,16,"구름많음, 어제보다 0˚ 높아요",30,0.003ppm
210,수리천,37.384194,126.926834,615,2019-08-26,적합,031-8045-5666,경기도 안양시,경기도 안양시,16,"구름많음, 어제보다 0˚ 높아요",30,0.003ppm
211,수리산,37.3652968987,126.9031157473,100,2019-08-26,부적합,031-8045-5666,경기도 안양시,경기도 안양시,16,"구름많음, 어제보다 0˚ 높아요",30,0.003ppm
212,새낭골(위),37.820535641,127.0039640192,50,2019-04-19,적합,031-8082-6832,경기도 양주시청,경기도 양주시,11,"구름많음, 어제보다 1˚ 높아요",30,0.004ppm
213,가재울,37.8315954851,126.9596594716,30,2019-04-22,부적합,031-8082-6832,경기도 양주시청,경기도 양주시,11,"구름많음, 어제보다 1˚ 높아요",30,0.004ppm
214,훈련장,37.8851381981,126.950347149,50,2019-04-17,적합,031-8082-6832,경기도 양주시청,경기도 양주시,11,"구름많음, 어제보다 1˚ 높아요",30,0.004ppm
215,흥덕사,37.8824136071,126.9869504687,50,2019-04-17,적합,031-8082-6832,경기도 양주시청,경기도 양주시,11,"구름많음, 어제보다 1˚ 높아요",30,0.004ppm
216,사리산,37.9053407119,126.9722645594,50,2019-04-19,부적합,031-8082-6832,경기도 양주시청,경기도 양주시,11,"구름많음, 어제보다 1˚ 높아요",30,0.004ppm
217,감악산,37.928797,126.9653814445,50,2019-04-17,부적합,031-8082-6832,경기도 양주시청,경기도 양주시,11,"구름많음, 어제보다 1˚ 높아요",30,0.004ppm
218,금광1차아파트,37.8218730242,127.0403386981,40,2019-04-16,적합,031-8082-6832,경기도 양주시청,경기도 양주시,11,"구름많음, 어제보다 1˚ 높아요",30,0.004ppm
219,명성,37.8144301214,127.0431465802,100,2018-04-16,적합,031-8082-6832,경기도 양주시청,경기도 양주시,11,"구름많음, 어제보다 1˚ 높아요",30,0.004ppm
220,지장사,37.8254009802,127.0286868642,150,2019-04-18,부적합,031-8082-6832,경기도 양주시청,경기도 양주시,11,"구름많음, 어제보다 1˚ 높아요",30,0.004ppm
221,옥천,37.8152715074,127.040779,150,2019-04-18,적합,031-8082-6832,경기도 양주시청,경기도 양주시,11,"구름많음, 어제보다 1˚ 높아요",30,0.004ppm
222,극동,37.825586,127.0404179168,50,2019-04-18,적합,031-8082-6832,경기도 양주시청,경기도 양주시,11,"구름많음, 어제보다 1˚ 높아요",30,0.004ppm
223,냉골,37.787462,126.9647174898,15,2019-04-19,부적합,031-8082-6832,경기도 양주시청,경기도 양주시,11,"구름많음, 어제보다 1˚ 높아요",30,0.004ppm
224,은봉산,37.7802256202,126.9754560926,50,2019-04-16,적합,031-8082-6832,경기도 양주시청,경기도 양주시,11,"구름많음, 어제보다 1˚ 높아요",30,0.004ppm
225,송산,37.7817748257,126.99734182,150,2019-04-16,적합,031-8082-6832,경기도 양주시청,경기도 양주시,11,"구름많음, 어제보다 1˚ 높아요",30,0.004ppm
226,홍복,37.7672138812,126.9875097352,140,2019-04-16,적합,031-8082-6832,경기도 양주시청,경기도 양주시,11,"구름많음, 어제보다 1˚ 높아요",30,0.004ppm
227,작은산대,37.7993412254,127.0421340693,50,2019-04-22,적합,031-8082-6832,경기도 양주시청,경기도 양주시,11,"구름많음, 어제보다 1˚ 높아요",30,0.004ppm
228,야촌(위),37.7920154558,127.1074866178,20,2019-04-22,부적합,031-8082-6832,경기도 양주시청,경기도 양주시,11,"구름많음, 어제보다 1˚ 높아요",30,0.004ppm
229,옻물,37.9043235524,127.0114660681,50,2019-04-22,적합,031-8082-6832,경기도 양주시청,경기도 양주시,11,"구름많음, 어제보다 1˚ 높아요",30,0.004ppm
230,도락산,37.8406365029,127.028715904,50,2019-04-17,부적합,031-8082-6832,경기도 양주시청,경기도 양주시,11,"구름많음, 어제보다 1˚ 높아요",30,0.004ppm
231,송천,37.8792939809,127.0446990161,50,2019-04-17,적합,031-8082-6832,경기도 양주시청,경기도 양주시,11,"구름많음, 어제보다 1˚ 높아요",30,0.004ppm
232,독정골,37.6701515172,126.9136820488,50,2019-04-22,부적합,031-8082-6832,경기도 양주시청,경기도 양주시,11,"구름많음, 어제보다 1˚ 높아요",30,0.004ppm
233,회암사,37.8509640995,127.1111320322,100,2019-04-18,적합,031-8082-6832,경기도 양주시청,경기도 양주시,11,"구름많음, 어제보다 1˚ 높아요",30,0.004ppm
234,과골,37.832983,127.047427,50,2019-04-18,적합,031-8082-6832,경기도 양주시청,경기도 양주시,11,"구름많음, 어제보다 1˚ 높아요",30,0.004ppm
235,석간수,37.6313639062,127.608277,200,2020-01-15,적합,031-770-3714,경기도 양평군청,경기도 양평군,12,"구름많음, 어제보다 0˚ 높아요",30,0.005ppm
236,말미산,37.420066,127.748247,60,2020-01-15,적합,031-770-3714,경기도 양평군청,경기도 양평군,12,"구름많음, 어제보다 0˚ 높아요",30,0.005ppm
237,용담,37.542648,127.335807,120,2020-01-15,적합,031-770-3714,경기도 양평군청,경기도 양평군,12,"구름많음, 어제보다 0˚ 높아요",30,0.005ppm
238,백년,37.5160479391,127.5194213919,60,2020-01-15,적합,031-770-3714,경기도 양평군청,경기도 양평군,12,"구름많음, 어제보다 0˚ 높아요",30,0.005ppm
239,용화수,37.473769,127.597573,150,2020-01-15,적합,031-770-3714,경기도 양평군청,경기도 양평군,12,"구름많음, 어제보다 0˚ 높아요",30,0.005ppm
240,감상골,37.4702227562,127.6466078238,60,2020-01-15,적합,031-770-3714,경기도 양평군청,경기도 양평군,12,"구름많음, 어제보다 0˚ 높아요",30,0.005ppm
241,여물,37.552485,127.700061,60,2020-01-15,적합,031-770-3714,경기도 양평군청,경기도 양평군,12,"구름많음, 어제보다 0˚ 높아요",30,0.005ppm
242,원압산,38.1508148,127.095404,10,2018-07-24,적합,031-839-4347,경기도 연천군청,경기도 연천군,9,"맑음, 어제보다 1˚ 높아요",30,0.005ppm
243,옥수동,38.1758657,127.1053591,100,2018-07-24,적합,031-839-4347,경기도 연천군청,경기도 연천군,9,"맑음, 어제보다 1˚ 높아요",30,0.005ppm
244,말턱고개,37.9769502,127.0584378,180,2018-07-24,적합,031-839-4347,경기도 연천군청,경기도 연천군,9,"맑음, 어제보다 1˚ 높아요",30,0.005ppm
245,수목원약수터,37.1669988538,127.0549573597,250,2017-10-30,적합,031-8036-6389,오산시 환경사업소,경기도 오산시,14,"흐림, 어제보다 1˚ 높아요",30,0.007ppm
246,필봉약수터,37.1774164132,127.0720989317,300,2017-10-30,적합,031-8036-6389,오산시 환경사업소,경기도 오산시,14,"흐림, 어제보다 1˚ 높아요",30,0.007ppm
247,감투봉약수터,37.1530566836,127.0466005721,250,2017-10-30,적합,031-8036-6389,오산시 환경사업소,경기도 오산시,14,"흐림, 어제보다 1˚ 높아요",30,0.007ppm
248,박동약수터,37.1666711515,127.0708674142,150,2017-10-30,적합,031-8036-6389,오산시 환경사업소,경기도 오산시,14,"흐림, 어제보다 1˚ 높아요",30,0.007ppm
249,원당약수터,37.1423800082,127.0935312357,100,2017-10-30,적합,031-8036-6389,오산시 환경사업소,경기도 오산시,14,"흐림, 어제보다 1˚ 높아요",30,0.007ppm
250,은계약수터,37.1637695711,127.0717503,500,2017-10-30,적합,031-8036-6389,오산시 환경사업소,경기도 오산시,14,"흐림, 어제보다 1˚ 높아요",30,0.007ppm
251,상미,37.277468,127.097056,100,2019-03-06,적합,031-324-6443,기흥구 건설도로과,경기도 용인시,11,"구름많음, 어제보다 1˚ 높아요",30,0.004ppm
252,구갈,37.288363,127.121944,50,2019-03-06,부적합,031-324-6443,기흥구 건설도로과,경기도 용인시,11,"구름많음, 어제보다 1˚ 높아요",30,0.004ppm
253,천년,37.322146,127.0430312,100,2019-03-13,적합,031-324-8412,수지구 건설도로과,경기도 용인시,11,"구름많음, 어제보다 1˚ 높아요",30,0.004ppm
254,옻샘,37.227738,127.2013567,80,2019-03-12,적합,031-324-5411,처인구청 건설도로과,경기도 용인시,11,"구름많음, 어제보다 1˚ 높아요",30,0.004ppm
255,옻옴물,37.3564667,127.2451734,30,2019-03-12,적합,031-324-5411,처인구청 건설도로과,경기도 용인시,11,"구름많음, 어제보다 1˚ 높아요",30,0.004ppm
256,오봉산,37.3481642,127.0039879,80,2019-03-08,적합,031-345-3632,경기도 의왕시청,경기도 의왕시,10,"구름많음, 어제보다 1˚ 높아요",30,0.003ppm
257,내손,37.3814574,126.9789889,150,2019-03-08,적합,031-345-3632,경기도 의왕시청,경기도 의왕시,10,"구름많음, 어제보다 1˚ 높아요",30,0.003ppm
258,LG,37.365831,126.9671302,500,2019-03-08,적합,031-345-3632,경기도 의왕시청,경기도 의왕시,10,"구름많음, 어제보다 1˚ 높아요",30,0.003ppm
259,덕성,37.3146352474,126.958754932,300,2019-03-07,적합,031-345-3632,경기도 의왕시청,경기도 의왕시,10,"구름많음, 어제보다 1˚ 높아요",30,0.003ppm
260,한직골,37.3882283,127.007926,50,2019-03-08,적합,031-345-3632,경기도 의왕시청,경기도 의왕시,10,"구름많음, 어제보다 1˚ 높아요",30,0.003ppm
261,학의,37.3833933,126.9955528,80,2019-03-08,적합,031-345-3632,경기도 의왕시청,경기도 의왕시,10,"구름많음, 어제보다 1˚ 높아요",30,0.003ppm
262,입석,37.7582136825,127.012755326,300,2016-09-07,적합,031-828-4433,경기도 의정부시청,경기도 의정부시,11,"구름많음, 어제보다 1˚ 높아요",30,0.004ppm
263,불로,37.7283541234,127.0224648592,150,2016-09-09,부적합,031-828-4433,경기도 의정부시청,경기도 의정부시,11,"구름많음, 어제보다 1˚ 높아요",30,0.004ppm
264,성불사,37.7283541234,127.0224648592,110,2016-09-08,적합,031-828-4433,경기도 의정부시청,경기도 의정부시,11,"구름많음, 어제보다 1˚ 높아요",30,0.004ppm
265,새무골,37.7623174802,127.0796593629,50,2016-09-07,부적합,031-828-4433,경기도 의정부시청,경기도 의정부시,11,"구름많음, 어제보다 1˚ 높아요",30,0.004ppm
266,청룡,37.7599071663,127.0669964905,150,2016-09-07,적합,031-828-4433,경기도 의정부시청,경기도 의정부시,11,"구름많음, 어제보다 1˚ 높아요",30,0.004ppm
267,천보,37.7592404219,127.0603820941,60,2016-09-07,적합,031-828-4433,경기도 의정부시청,경기도 의정부시,11,"구름많음, 어제보다 1˚ 높아요",30,0.004ppm
268,무지랭이,37.7582796922,127.1299364606,150,2016-09-07,부적합,031-828-4433,경기도 의정부시청,경기도 의정부시,11,"구름많음, 어제보다 1˚ 높아요",30,0.004ppm
269,불암,37.7548744874,127.0483364264,80,2016-09-09,부적합,031-828-4433,경기도 의정부시청,경기도 의정부시,11,"구름많음, 어제보다 1˚ 높아요",30,0.004ppm
270,어룡,37.7433034853,127.1218093235,50,2016-09-07,부적합,031-828-4433,경기도 의정부시청,경기도 의정부시,11,"구름많음, 어제보다 1˚ 높아요",30,0.004ppm
271,만가대,37.7172287474,127.0805864642,150,2016-09-09,부적합,031-828-4433,경기도 의정부시청,경기도 의정부시,11,"구름많음, 어제보다 1˚ 높아요",30,0.004ppm
272,신정,37.7334766645,127.0319185426,190,2016-09-09,부적합,031-828-4433,경기도 의정부시청,경기도 의정부시,11,"구름많음, 어제보다 1˚ 높아요",30,0.004ppm
273,천보산,37.7615324624,127.0529210782,70,2016-09-07,적합,031-828-4433,경기도 의정부시청,경기도 의정부시,11,"구름많음, 어제보다 1˚ 높아요",30,0.004ppm
274,본자일,37.7736718811,127.1123019985,260,2016-09-07,적합,031-828-4433,경기도 의정부시청,경기도 의정부시,11,"구름많음, 어제보다 1˚ 높아요",30,0.004ppm
275,기념비,37.7715460116,127.1080129526,150,2016-09-07,부적합,031-828-4433,경기도 의정부시청,경기도 의정부시,11,"구름많음, 어제보다 1˚ 높아요",30,0.004ppm
276,수락산계곡,37.7180350606,127.0708558837,150,2016-09-07,적합,031-828-4433,경기도 의정부시청,경기도 의정부시,11,"구름많음, 어제보다 1˚ 높아요",30,0.004ppm
277,바위샘,37.7098706248,127.0534105304,80,2016-09-07,부적합,031-828-4433,경기도 의정부시청,경기도 의정부시,11,"구름많음, 어제보다 1˚ 높아요",30,0.004ppm
278,북부출장소,37.7088219386,127.0446276031,60,2016-09-08,부적합,031-828-4433,경기도 의정부시청,경기도 의정부시,11,"구름많음, 어제보다 1˚ 높아요",30,0.004ppm
279,영산법화사,37.7111311913,127.0221602572,60,2016-09-09,부적합,031-828-4433,경기도 의정부시청,경기도 의정부시,11,"구름많음, 어제보다 1˚ 높아요",30,0.004ppm
280,초암약수터,37.2848859,127.4260779,200,2018-10-23,적합,031-644-4234,이천시 이천시청(수도과),경기도 이천시,12,"구름많음, 어제보다 0˚ 높아요",30,0.002ppm
281,호암약수터,37.2897056,127.4237592,240,2018-10-23,적합,031-644-4235,이천시 이천시청(수도과),경기도 이천시,12,"구름많음, 어제보다 0˚ 높아요",30,0.002ppm
282,구암약수터,37.2897056,127.4237592,320,2018-10-23,적합,031-644-4235,이천시 이천시청(수도과),경기도 이천시,12,"구름많음, 어제보다 0˚ 높아요",30,0.002ppm
283,청구약수터,37.2897056,127.4237592,220,2018-10-23,적합,031-644-4234,이천시 이천시청(수도과),경기도 이천시,12,"구름많음, 어제보다 0˚ 높아요",30,0.002ppm
284,신송약수터,37.2858099,127.4656864,70,2018-10-23,부적합,031-644-4235,이천시 이천시청(수도과),경기도 이천시,12,"구름많음, 어제보다 0˚ 높아요",30,0.002ppm
285,향교약수터,37.2872394,127.435541,90,2018-10-23,적합,031-644-4235,이천시 이천시청(수도과),경기도 이천시,12,"구름많음, 어제보다 0˚ 높아요",30,0.002ppm
286,물명당약수터,37.2837104,127.4837945,50,2018-10-23,부적합,031-644-4235,이천시 이천시청(수도과),경기도 이천시,12,"구름많음, 어제보다 0˚ 높아요",30,0.002ppm
287,감사교육원,37.7810728,126.9317989,200,2019-02-22,적합,031-940-5483,파주시,경기도 파주시,12,"구름많음, 어제보다 2˚ 높아요",30,0.003ppm
288,묘지,37.7960411,126.851728,250,2019-02-22,적합,031-940-5483,파주시,경기도 파주시,12,"구름많음, 어제보다 2˚ 높아요",30,0.003ppm
289,도토리,37.8755863,126.8268451,220,2019-02-22,적합,031-940-5483,파주시,경기도 파주시,12,"구름많음, 어제보다 2˚ 높아요",30,0.003ppm
290,대능,37.8445779,126.881355,250,2019-02-22,적합,031-940-5483,파주시,경기도 파주시,12,"구름많음, 어제보다 2˚ 높아요",30,0.003ppm
291,율곡,37.868734,126.871901,100,2019-02-22,적합,031-940-5483,파주시,경기도 파주시,12,"구름많음, 어제보다 2˚ 높아요",30,0.003ppm
292,천현,37.8491705875,126.8823088,200,2019-02-18,적합,031-940-5483,파주시,경기도 파주시,12,"구름많음, 어제보다 2˚ 높아요",30,0.003ppm
293,시청,37.7600413844,126.7798768306,230,2018-06-25,적합,031-940-5483,파주시,경기도 파주시,12,"구름많음, 어제보다 2˚ 높아요",30,0.003ppm
294,안용주골,37.8365182,126.8319515,50,2019-02-22,적합,031-940-5483,파주시,경기도 파주시,12,"구름많음, 어제보다 2˚ 높아요",30,0.003ppm
295,두포,37.904395,126.827646,50,2019-02-18,적합,031-940-5483,파주시,경기도 파주시,12,"구름많음, 어제보다 2˚ 높아요",30,0.003ppm
296,새일,37.8775942,126.8112714,60,2019-02-22,적합,031-940-5483,파주시,경기도 파주시,12,"구름많음, 어제보다 2˚ 높아요",30,0.003ppm
297,사자골 약수터,37.071135,127.0700091,300,2020-03-03,적합,031-8024-5165,평택시 상하수도사업소,경기도 평택시,14,"구름많음, 어제보다 2˚ 높아요",30,0.004ppm
298,체육공원,37.892804,127.2107113,100,2019-05-02,적합,031-538-3411,상하수과,경기도 포천시,9,"맑음, 어제보다 0˚ 높아요",30,0.006ppm
299,옻우물,37.82492388,127.136418,80,2019-05-02,적합,031-538-3411,상하수과,경기도 포천시,9,"맑음, 어제보다 0˚ 높아요",30,0.006ppm
300,무렛골(상),37.91735462,127.1878961,60,2019-05-02,적합,031-538-3411,상하수과,경기도 포천시,9,"맑음, 어제보다 0˚ 높아요",30,0.006ppm
301,무렛골(하),37.90594741,127.1943894,30,2019-05-02,적합,031-538-3411,상하수과,경기도 포천시,9,"맑음, 어제보다 0˚ 높아요",30,0.006ppm
302,호병골,37.90053105,127.1928792,100,2019-05-02,적합,031-538-3411,상하수과,경기도 포천시,9,"맑음, 어제보다 0˚ 높아요",30,0.006ppm
303,능원,38.00423148,127.266625,30,2019-05-02,부적합,031-538-3411,상하수과,경기도 포천시,9,"맑음, 어제보다 0˚ 높아요",30,0.006ppm
304,관음산,38.01776555,127.3193691,80,2019-05-02,적합,031-538-3411,상하수과,경기도 포천시,9,"맑음, 어제보다 0˚ 높아요",30,0.006ppm
305,청계,37.92953755,127.3380067,100,2019-05-02,적합,031-538-3411,상하수과,경기도 포천시,9,"맑음, 어제보다 0˚ 높아요",30,0.006ppm
306,참새골약수터,37.506076,127.1680769,50,2019-05-15,적합,031-790-6443,경기도 하남시청,경기도 하남시,12,"구름많음, 어제보다 1˚ 높아요",30,0.003ppm
307,선법사약수터,37.5184763,127.2060014,80,2019-05-15,적합,031-790-6443,경기도 하남시청,경기도 하남시,12,"구름많음, 어제보다 1˚ 높아요",30,0.003ppm
308,은고개약수터,37.481686803,127.2388772439,80,2019-05-15,적합,031-790-6443,경기도 하남시청,경기도 하남시,12,"구름많음, 어제보다 1˚ 높아요",30,0.003ppm
309,곱돌광산약수터,37.5278183,127.2388613979,150,2019-05-15,적합,031-790-6443,경기도 하남시청,경기도 하남시,12,"구름많음, 어제보다 1˚ 높아요",30,0.003ppm
310,이장천약수터,37.4806033,127.1650379,100,2019-05-15,적합,031-790-6443,경기도 하남시청,경기도 하남시,12,"구름많음, 어제보다 1˚ 높아요",30,0.003ppm
311,일장천약수터,37.4825734,127.1648396,80,2019-05-15,적합,031-790-6443,경기도 하남시청,경기도 하남시,12,"구름많음, 어제보다 1˚ 높아요",30,0.003ppm
312,독지리,37.151271,126.420509,10,2019-03-08,적합,031-369-3279,맑은물운영과,경기도 화성시,14,"흐림, 어제보다 1˚ 높아요",30,0.002ppm
313,매봉산4,37.131297,126.450052,10,2019-03-08,적합,031-369-3279,맑은물운영과,경기도 화성시,14,"흐림, 어제보다 1˚ 높아요",30,0.002ppm
314,매봉산2,37.131911,126.443065,10,2019-03-08,적합,031-369-3279,맑은물운영과,경기도 화성시,14,"흐림, 어제보다 1˚ 높아요",30,0.002ppm
315,매봉산1,37.131408,126.443133,10,2019-03-08,적합,031-369-3279,맑은물운영과,경기도 화성시,14,"흐림, 어제보다 1˚ 높아요",30,0.002ppm
316,보금산,37.023799,126.471303,5,2019-03-08,부적합,031-369-3279,맑은물운영과,경기도 화성시,14,"흐림, 어제보다 1˚ 높아요",30,0.002ppm
317,만의사,37.123155,127.085914,30,2019-03-08,적합,031-369-3279,맑은물운영과,경기도 화성시,14,"흐림, 어제보다 1˚ 높아요",30,0.002ppm
318,독봉산약수터,34.8811225335,128.6314085679,30,2019-06-28,적합,055-639-4895,경상남도 거제시청,경상남도 거제시,16,"비, 어제보다 2˚ 낮아요",60,0.013ppm
319,선창샘약수터,34.8373035146,128.5049516124,20,2019-06-28,적합,055-639-4895,경상남도 거제시청,경상남도 거제시,16,"비, 어제보다 2˚ 낮아요",60,0.013ppm
320,참샘약수터,34.9403975189,128.6551019446,10,2019-06-28,적합,055-639-4895,경상남도 거제시청,경상남도 거제시,16,"비, 어제보다 2˚ 낮아요",60,0.013ppm
321,힐사이드약수터,34.9022394967,128.6965542903,40,2019-06-28,적합,055-639-4895,경상남도 거제시청,경상남도 거제시,16,"비, 어제보다 2˚ 낮아요",60,0.013ppm
322,일운약수터,34.8192353326,128.7095121735,50,2019-06-28,적합,055-639-4895,경상남도 거제시청,경상남도 거제시,16,"비, 어제보다 2˚ 낮아요",60,0.013ppm
323,앵산약수터,34.9397268851,128.6292457431,20,2019-06-28,적합,055-639-4895,경상남도 거제시청,경상남도 거제시,16,"비, 어제보다 2˚ 낮아요",60,0.013ppm
324,물망골,35.2502267509,128.877750082,80,2019-06-03,적합,055-330-3885,김해시 상하수도사업소,경상남도 김해시,14,"비, 어제보다 1˚ 낮아요",60,0.018ppm
325,남재골,35.2493725,128.8836675,60,2019-06-03,부적합,055-330-3885,김해시 상하수도사업소,경상남도 김해시,14,"비, 어제보다 1˚ 낮아요",60,0.018ppm
326,서재골(상),35.2461282047,128.883776578,95,2019-06-03,적합,055-330-3885,김해시 상하수도사업소,경상남도 김해시,14,"비, 어제보다 1˚ 낮아요",60,0.018ppm
327,광장,35.2693926,128.9101335,150,2019-06-03,부적합,055-330-3885,김해시 상하수도사업소,경상남도 김해시,14,"비, 어제보다 1˚ 낮아요",60,0.018ppm
328,경운사(하),35.2383610875,128.8514788,100,2019-06-03,적합,055-330-3885,김해시 상하수도사업소,경상남도 김해시,14,"비, 어제보다 1˚ 낮아요",60,0.018ppm
329,경운사(상),35.2407381,128.8506948,70,2019-06-03,부적합,055-330-3885,김해시 상하수도사업소,경상남도 김해시,14,"비, 어제보다 1˚ 낮아요",60,0.018ppm
330,봉명산,35.0892932983,127.9085661825,100,2018-11-29,적합,055-831-3283,건설수도과,경상남도 사천시,15,"비, 어제보다 2˚ 낮아요",60,0.018ppm
331,대방,34.942972,128.057757,200,2018-12-18,적합,055-831-3283,건설수도과,경상남도 사천시,15,"비, 어제보다 2˚ 낮아요",60,0.018ppm
332,각산,34.9443543341,128.0666655204,400,2018-12-18,적합,055-831-3283,건설수도과,경상남도 사천시,15,"비, 어제보다 2˚ 낮아요",60,0.018ppm
333,계양,34.984762,128.1385165835,250,2018-12-18,적합,055-831-3283,건설수도과,경상남도 사천시,15,"비, 어제보다 2˚ 낮아요",60,0.018ppm
334,수양,35.0836298755,128.0936007102,200,2018-12-18,적합,055-831-3283,건설수도과,경상남도 사천시,15,"비, 어제보다 2˚ 낮아요",60,0.018ppm
335,중탑,35.1067012984,128.058103,200,2018-12-18,적합,055-831-3283,건설수도과,경상남도 사천시,15,"비, 어제보다 2˚ 낮아요",60,0.018ppm
336,청계약수터,35.32923375,127.9030773,50,2018-11-16,적합,055-970-7003,경상남도 산청군청,경상남도 산청군,13,"비, 어제보다 3˚ 높아요",60,0.009ppm
337,금강도약수터,35.41175559,127.879339,120,2018-11-16,적합,055-970-7003,경상남도 산청군청,경상남도 산청군,13,"비, 어제보다 3˚ 높아요",60,0.009ppm
338,밤머리재약수터,35.38116596,127.849996,80,2018-11-16,적합,055-970-7003,경상남도 산청군청,경상남도 산청군,13,"비, 어제보다 3˚ 높아요",60,0.009ppm
339,북정약수터,35.360556,129.057551,120,2020-03-20,적합,055-392-5414,양산시 수도과,경상남도 양산시,15,"비, 어제보다 0˚ 높아요",60,0.006ppm
340,신기산성약수터,35.353645,129.057336,100,2020-03-20,적합,055-392-5414,양산시 수도과,경상남도 양산시,15,"비, 어제보다 0˚ 높아요",60,0.006ppm
341,찬물샘약수터,35.467441,128.972175,150,2020-03-20,적합,055-392-5414,양산시 수도과,경상남도 양산시,15,"비, 어제보다 0˚ 높아요",60,0.006ppm
342,천정약수터,35.390703,129.135119,100,2020-03-12,적합,055-392-6063,웅상출장소 도시건설과,경상남도 양산시,15,"비, 어제보다 0˚ 높아요",60,0.006ppm
343,평산공동우물,35.492459,129.070128,120,2020-03-20,적합,055-392-5414,양산시 수도과,경상남도 양산시,15,"비, 어제보다 0˚ 높아요",60,0.006ppm
344,무학산기도원 약수터,35.2093135554,128.54944,250,2018-07-04,적합,055-220-4821,창원시 마산합포구,경상남도 창원시,15,"비, 어제보다 2˚ 낮아요",60,0.005ppm
345,등나무산장 약수터,35.209625,128.547676,250,2018-07-04,적합,055-220-4821,창원시 마산합포구,경상남도 창원시,15,"비, 어제보다 2˚ 낮아요",60,0.005ppm
346,밭터 약수터,35.1320294655,128.5723469203,70,2018-07-04,부적합,055-220-4821,창원시 마산합포구,경상남도 창원시,15,"비, 어제보다 2˚ 낮아요",60,0.005ppm
347,무곡탑 약수터,35.1996374998,128.5431188673,150,2018-07-04,적합,055-220-4821,창원시 마산합포구,경상남도 창원시,15,"비, 어제보다 2˚ 낮아요",60,0.005ppm
348,만날제 약수터,35.1840426144,128.5483675331,250,2018-07-04,적합,055-220-4821,창원시 마산합포구,경상남도 창원시,15,"비, 어제보다 2˚ 낮아요",60,0.005ppm
349,자산 약수터,35.2051684755,128.5614943953,300,2018-07-04,적합,055-220-4821,창원시 마산합포구,경상남도 창원시,15,"비, 어제보다 2˚ 낮아요",60,0.005ppm
350,수발사 약수터,35.1335910008,128.357483527,10,2018-07-04,적합,055-220-4821,창원시 마산합포구,경상남도 창원시,15,"비, 어제보다 2˚ 낮아요",60,0.005ppm
351,만수봉약수터,35.253279,128.585596,500,2018-06-07,적합,055-230-4824,경상남도 창원시청,경상남도 창원시,15,"비, 어제보다 2˚ 낮아요",60,0.005ppm
352,안개약수터,35.2087150341,128.5346371677,50,2018-06-07,적합,055-230-4824,경상남도 창원시청,경상남도 창원시,15,"비, 어제보다 2˚ 낮아요",60,0.005ppm
353,전안약수터,35.2145317855,128.5054195015,50,2018-06-07,적합,055-230-4824,경상남도 창원시청,경상남도 창원시,15,"비, 어제보다 2˚ 낮아요",60,0.005ppm
354,구미약수터,35.251527,128.5265871152,150,2018-06-26,적합,055-230-4824,경상남도 창원시청,경상남도 창원시,15,"비, 어제보다 2˚ 낮아요",60,0.005ppm
355,창신약수터,35.227128,128.599913,200,2018-06-26,적합,055-230-4824,경상남도 창원시청,경상남도 창원시,15,"비, 어제보다 2˚ 낮아요",60,0.005ppm
356,제2금강산약수터,35.254835,128.5661445591,300,2018-06-07,적합,055-230-4824,경상남도 창원시청,경상남도 창원시,15,"비, 어제보다 2˚ 낮아요",60,0.005ppm
357,갈미봉 약수터,35.19248,128.6206655836,50,2018-05-03,적합,055-272-4821,경상남도 창원시청,경상남도 창원시,15,"비, 어제보다 2˚ 낮아요",60,0.005ppm
358,대암산 약수터,35.206575,128.71962459,150,2018-05-03,적합,055-272-4821,경상남도 창원시청,경상남도 창원시,15,"비, 어제보다 2˚ 낮아요",60,0.005ppm
359,불곡사 약수터,35.21475,128.6997563005,100,2018-05-03,적합,055-272-4821,경상남도 창원시청,경상남도 창원시,15,"비, 어제보다 2˚ 낮아요",60,0.005ppm
360,성주사 약수터,35.1807424433,128.715057041,100,2018-05-03,적합,055-272-4821,경상남도 창원시청,경상남도 창원시,15,"비, 어제보다 2˚ 낮아요",60,0.005ppm
361,우곡사약수터,35.2487288824,128.7165003267,60,2018-05-15,적합,055-212-4821,경상남도 창원시청,경상남도 창원시,15,"비, 어제보다 2˚ 낮아요",60,0.005ppm
362,누룩약수터,35.2516682478,128.6362686561,15,2018-05-15,적합,055-212-4821,경상남도 창원시청,경상남도 창원시,15,"비, 어제보다 2˚ 낮아요",60,0.005ppm
363,봉산저수지약수터,35.2752523011,128.6963383257,10,2018-05-16,적합,055-212-4821,경상남도 창원시청,경상남도 창원시,15,"비, 어제보다 2˚ 낮아요",60,0.005ppm
364,천주산입구약수터,35.2723844907,128.6097480708,30,2018-05-15,적합,055-212-4821,경상남도 창원시청,경상남도 창원시,15,"비, 어제보다 2˚ 낮아요",60,0.005ppm
365,천주산약수터,35.2732671733,128.6055517268,60,2018-05-15,부적합,055-212-4821,경상남도 창원시청,경상남도 창원시,15,"비, 어제보다 2˚ 낮아요",60,0.005ppm
366,태복산2약수터,35.2557082298,128.6528670559,30,2018-05-15,적합,055-212-4821,경상남도 창원시청,경상남도 창원시,15,"비, 어제보다 2˚ 낮아요",60,0.005ppm
367,태복산3약수터,35.258072,128.6569241676,60,2018-05-15,적합,055-212-4821,경상남도 창원시청,경상남도 창원시,15,"비, 어제보다 2˚ 낮아요",60,0.005ppm
368,앤골약수터,35.252069,128.6623272988,30,2018-05-16,적합,055-212-4821,경상남도 창원시청,경상남도 창원시,15,"비, 어제보다 2˚ 낮아요",60,0.005ppm
369,봉림사지약수터,35.258224,128.6788426102,10,2018-05-16,적합,055-212-4821,경상남도 창원시청,경상남도 창원시,15,"비, 어제보다 2˚ 낮아요",60,0.005ppm
370,가마골약수터,35.258143235,128.6612798275,30,2018-05-16,적합,055-212-4821,경상남도 창원시청,경상남도 창원시,15,"비, 어제보다 2˚ 낮아요",60,0.005ppm
371,달천계곡약수터,35.272726,128.599199,80,2018-05-15,부적합,055-212-4821,경상남도 창원시청,경상남도 창원시,15,"비, 어제보다 2˚ 낮아요",60,0.005ppm
372,용추계곡약수터,35.243869,128.7102435079,40,2018-05-16,적합,055-212-4821,경상남도 창원시청,경상남도 창원시,15,"비, 어제보다 2˚ 낮아요",60,0.005ppm
373,사격장뒤약수터,35.2577312226,128.6874442509,40,2018-05-16,적합,055-212-4821,경상남도 창원시청,경상남도 창원시,15,"비, 어제보다 2˚ 낮아요",60,0.005ppm
374,도불산 약수터,35.166499,128.6754808165,30,2018-05-01,적합,055-548-4821,경상남도 창원시청,경상남도 창원시,15,"비, 어제보다 2˚ 낮아요",60,0.005ppm
375,두동 약수터,35.114974,128.802218,70,2018-05-01,적합,055-548-4821,경상남도 창원시청,경상남도 창원시,15,"비, 어제보다 2˚ 낮아요",60,0.005ppm
376,시루 약수터,35.152986,128.734043,160,2018-05-01,적합,055-548-4821,경상남도 창원시청,경상남도 창원시,15,"비, 어제보다 2˚ 낮아요",60,0.005ppm
377,자은 하구 약수터,35.151638,128.717792892,40,2018-05-01,적합,055-548-4821,경상남도 창원시청,경상남도 창원시,15,"비, 어제보다 2˚ 낮아요",60,0.005ppm
378,자은 약수터,35.145948,128.717198,70,2018-05-01,적합,055-548-4821,경상남도 창원시청,경상남도 창원시,15,"비, 어제보다 2˚ 낮아요",60,0.005ppm
379,안정사,34.9436571031,128.3989996264,80,2020-02-07,적합,055-650-6417,경상남도 통영시청,경상남도 통영시,15,"비, 어제보다 1˚ 낮아요",60,0.030ppm
380,원당골,34.8257670287,128.4091768675,80,2020-02-07,적합,055-650-6417,경상남도 통영시청,경상남도 통영시,15,"비, 어제보다 1˚ 낮아요",60,0.030ppm
381,선금산,34.820692332,128.4039486993,80,2020-02-07,적합,055-650-6417,경상남도 통영시청,경상남도 통영시,15,"비, 어제보다 1˚ 낮아요",60,0.030ppm
382,약천,34.8230493258,128.3988350201,80,2020-02-07,적합,055-650-6417,경상남도 통영시청,경상남도 통영시,15,"비, 어제보다 1˚ 낮아요",60,0.030ppm
383,미륵등,34.8139950641,128.4196184172,80,2020-02-07,적합,055-650-6417,경상남도 통영시청,경상남도 통영시,15,"비, 어제보다 1˚ 낮아요",60,0.030ppm
384,백운산약수터,35.5914747031,127.6614701373,100,2019-03-12,적합,055-960-5234,경상남도 함양군청,경상남도 함양군,13,"비, 어제보다 5˚ 높아요",60,0.009ppm
385,상림약수터,35.5264010861,127.7182899723,200,2018-12-05,적합,055-960-5234,경상남도 함양군청,경상남도 함양군,13,"비, 어제보다 5˚ 높아요",60,0.009ppm
386,활터약수터,35.5608640151,128.166778782,75,2016-08-22,적합,055-930-3326,합천군 상하수도사업소,경상남도 합천군,14,"비, 어제보다 3˚ 높아요",60,0.010ppm
387,비봉산 음수대,36.248759,128.298781,200,2018-07-02,적합,054-480-5883,경상북도 구미시청,경상북도 구미시,13,"비, 어제보다 2˚ 높아요",30,0.037ppm
388,천생산 약수터,36.1040431803,128.448097791,500,2018-07-19,적합,054-480-5883,경상북도 구미시청,경상북도 구미시,13,"비, 어제보다 2˚ 높아요",30,0.037ppm
389,진남약수터,36.654516,128.128381,150,2019-04-19,적합,054-550-8344,경상북도 문경시청,경상북도 문경시,11,"흐림, 어제보다 0˚ 높아요",0,0.008ppm
390,매봉약수터,36.596224,128.182757,70,2019-04-19,적합,054-550-8344,경상북도 문경시청,경상북도 문경시,11,"흐림, 어제보다 0˚ 높아요",0,0.008ppm
391,조령약수터,36.810011,128.058369,300,2019-04-19,적합,054-550-8344,경상북도 문경시청,경상북도 문경시,11,"흐림, 어제보다 0˚ 높아요",0,0.008ppm
392,조곡약수터,36.792423,128.064591,400,2019-04-19,적합,054-550-8344,경상북도 문경시청,경상북도 문경시,11,"흐림, 어제보다 0˚ 높아요",0,0.008ppm
393,마지막골약수터,36.621964179,128.135857118,230,2019-04-19,적합,054-550-8344,경상북도 문경시청,경상북도 문경시,11,"흐림, 어제보다 0˚ 높아요",0,0.008ppm
394,돈달약수터,36.604458,128.196568,70,2019-04-19,적합,054-550-8344,경상북도 문경시청,경상북도 문경시,11,"흐림, 어제보다 0˚ 높아요",0,0.008ppm
395,성림약수터,36.6044587,128.196568,80,2019-04-19,적합,054-550-8344,경상북도 문경시청,경상북도 문경시,11,"흐림, 어제보다 0˚ 높아요",0,0.008ppm
396,남장사약수터,36.434171,129.056679,50,2017-03-06,부적합,054-537-8799,상주시청(상하수도사업소),경상북도 상주시,12,"비, 어제보다 2˚ 높아요",10,0.015ppm
397,대전리약수터,36.431265,128.108803,30,2017-03-06,적합,054-537-8799,상주시청(상하수도사업소),경상북도 상주시,12,"비, 어제보다 2˚ 높아요",10,0.015ppm
398,지산리약수터,36.569311,128.144722,30,2017-03-06,부적합,054-537-8799,상주시청(상하수도사업소),경상북도 상주시,12,"비, 어제보다 2˚ 높아요",10,0.015ppm
399,가야산생수정,35.810238,128.326869,100,2020-04-06,적합,054-930-6743,경상북도 성주군 상하수도사업소,경상북도 성주군,13,"비, 어제보다 3˚ 높아요",70,0.002ppm
400,우곡약수터,36.402575,129.379425,10,2020-05-18,부적합,054-730-6366,경상북도 영덕군청,경상북도 영덕군,14,"비, 어제보다 6˚ 높아요",30,0.043ppm
401,초수골약수터(상탕),36.513986,129.338084,30,2020-05-18,적합,054-730-6366,경상북도 영덕군청,경상북도 영덕군,14,"비, 어제보다 6˚ 높아요",30,0.043ppm
402,마당두들약수터,36.584723178,129.2565501863,20,2020-05-18,부적합,054-730-6366,경상북도 영덕군청,경상북도 영덕군,14,"비, 어제보다 6˚ 높아요",30,0.043ppm
403,한실약수터,36.484414,129.347414,15,2020-05-18,부적합,054-730-6366,경상북도 영덕군청,경상북도 영덕군,14,"비, 어제보다 6˚ 높아요",30,0.043ppm
404,지경약수터,36.869985,128.5084285,30,2016-08-10,적합,054-631-3000,경상북도 영주시청,경상북도 영주시,12,"흐림, 어제보다 3˚ 높아요",10,0.015ppm
405,도동약수터,37.4830299482,130.9001521468,95,2019-09-19,부적합,054-790-6347,울릉군 상하수도사업소,경상북도 울릉군,17,"흐림, 어제보다 1˚ 높아요",30,0.058ppm
406,내수전 약수터,37.5097186205,130.9063084939,45,2019-09-19,부적합,054-790-6347,울릉군 상하수도사업소,경상북도 울릉군,17,"흐림, 어제보다 1˚ 높아요",30,0.058ppm
407,얼음골약수탕,36.316496,129.223734,15,2019-03-07,부적합,054-870-6347,청송군청,경상북도 청송군,12,"비, 어제보다 5˚ 높아요",30,0.017ppm
408,신촌약수탕,36.507822,129.118904,15,2019-03-07,적합,054-870-6347,청송군청,경상북도 청송군,12,"비, 어제보다 5˚ 높아요",30,0.017ppm
409,달기약수탕,36.438742,129.083665,20,2019-03-07,적합,054-870-6347,청송군청,경상북도 청송군,12,"비, 어제보다 5˚ 높아요",30,0.017ppm
410,대각사,35.118401,126.9107029861,200,2018-10-23,적합,062-607-3641,광주광역시 남구청,광주광역시 남구,14,"비, 어제보다 1˚ 높아요",60,0.017ppm
411,증심사관리소,35.1288451591,126.970091561,100,2019-10-30,적합,062-608-2492,환경청소과,광주광역시 동구,14,"비, 어제보다 1˚ 높아요",60,0.017ppm
412,너덜겅,35.1324743,126.9788861,250,2019-10-28,적합,062-608-2492,환경청소과,광주광역시 동구,14,"비, 어제보다 1˚ 높아요",60,0.017ppm
413,산장광장,35.1441138347,126.9889825091,95,2020-03-16,적합,062-410-6471,광주광역시 북구청,광주광역시 북구,14,"비, 어제보다 1˚ 높아요",60,0.012ppm
414,청풍쉼터,35.1626043747,126.9622510685,95,2020-03-16,적합,062-410-6471,광주광역시 북구청,광주광역시 북구,14,"비, 어제보다 1˚ 높아요",60,0.012ppm
415,평안샘터약수터,35.8129984312,128.573393757,300,2020-08-03,적합,053-667-2605,대구광역시 달서구청,대구광역시 달서구,13,"비, 어제보다 2˚ 낮아요",80,0.001ppm
416,동화사제2약수터,35.992911,128.703997,50,2019-03-21,적합,053-662-2606,대구광역시 동구청,대구광역시 동구,14,"비, 어제보다 2˚ 낮아요",80,0.001ppm
417,안산약수터,36.36823823,127.4271803,150,2020-03-11,적합,042-608-6354,대전광역시 대덕구청,대전광역시 대덕구,14,"흐림, 어제보다 0˚ 높아요",30,0.020ppm
418,계족산약수터,36.37733401,127.4356042,100,2020-02-20,적합,042-608-6354,대전광역시 대덕구청,대전광역시 대덕구,14,"흐림, 어제보다 0˚ 높아요",30,0.020ppm
419,비래사약수터,36.37538102,127.453042,150,2020-02-20,적합,042-608-6354,대전광역시 대덕구청,대전광역시 대덕구,14,"흐림, 어제보다 0˚ 높아요",30,0.020ppm
420,남도약수터,36.36812428,127.4579507,100,2020-02-20,적합,042-608-6354,대전광역시 대덕구청,대전광역시 대덕구,14,"흐림, 어제보다 0˚ 높아요",30,0.020ppm
421,대철약수터,36.41985396,127.4282846,50,2020-02-20,적합,042-608-6354,대전광역시 대덕구청,대전광역시 대덕구,14,"흐림, 어제보다 0˚ 높아요",30,0.020ppm
422,밭탕골약수터,36.35411319,127.4616086,200,2020-02-20,적합,042-608-6354,대전광역시 대덕구청,대전광역시 대덕구,14,"흐림, 어제보다 0˚ 높아요",30,0.020ppm
423,구봉약수터,36.36307283,127.4281548,150,2020-03-11,적합,042-608-6354,대전광역시 대덕구청,대전광역시 대덕구,14,"흐림, 어제보다 0˚ 높아요",30,0.020ppm
424,빼올약수터,36.292351,127.3498167,225,2019-12-11,적합,042-288-3546,대전광역시 서구청,대전광역시 서구,14,"흐림, 어제보다 0˚ 높아요",30,0.024ppm
425,쌍암약수터,36.30789,127.306361,100,2019-04-18,적합,042-611-2349,대전광역시 유성구 환경과,대전광역시 유성구,14,"흐림, 어제보다 0˚ 높아요",30,0.005ppm
426,왕가봉약수터,36.363051,127.311845,100,2019-05-22,부적합,042-611-2349,대전광역시 유성구 환경과,대전광역시 유성구,14,"흐림, 어제보다 0˚ 높아요",30,0.005ppm
427,보덕약수터,36.43642,127.3809014857,50,2019-05-22,부적합,042-611-2349,대전광역시 유성구 환경과,대전광역시 유성구,14,"흐림, 어제보다 0˚ 높아요",30,0.005ppm
428,산장산약수터,36.298044,127.3151387543,50,2019-05-22,적합,042-611-2349,대전광역시 유성구 환경과,대전광역시 유성구,14,"흐림, 어제보다 0˚ 높아요",30,0.005ppm
429,화봉약수터,36.397744,127.4032015446,50,2019-04-18,적합,042-611-2349,대전광역시 유성구 환경과,대전광역시 유성구,14,"흐림, 어제보다 0˚ 높아요",30,0.005ppm
430,참샘골,35.247382371,129.0811055619,100,2019-04-18,적합,051-519-4392,금정구청 환경위생과,부산광역시 금정구,15,"비, 어제보다 5˚ 높아요",60,0.010ppm
431,놋 정,35.2586281258,129.0742122987,100,2019-04-17,적합,051-519-4392,금정구청 환경위생과,부산광역시 금정구,15,"비, 어제보다 5˚ 높아요",60,0.010ppm
432,서 천,35.2266185884,129.1059747086,100,2019-04-18,적합,051-519-4392,금정구청 환경위생과,부산광역시 금정구,15,"비, 어제보다 5˚ 높아요",60,0.010ppm
433,여 명,35.2302190649,129.1055889436,150,2019-04-18,적합,051-519-4392,금정구청 환경위생과,부산광역시 금정구,15,"비, 어제보다 5˚ 높아요",60,0.010ppm
434,수박골,35.2354659399,129.0551480188,100,2019-04-16,부적합,051-519-4392,금정구청 환경위생과,부산광역시 금정구,15,"비, 어제보다 5˚ 높아요",60,0.010ppm
435,윤 산,35.2354941428,129.0974042913,50,2019-04-18,적합,051-519-4392,금정구청 환경위생과,부산광역시 금정구,15,"비, 어제보다 5˚ 높아요",60,0.010ppm
436,금 양,35.2344941652,129.0976992511,100,2019-04-18,적합,051-519-4392,금정구청 환경위생과,부산광역시 금정구,15,"비, 어제보다 5˚ 높아요",60,0.010ppm
437,부 곡,35.2271111975,129.1008609224,150,2019-04-18,부적합,051-519-4392,금정구청 환경위생과,부산광역시 금정구,15,"비, 어제보다 5˚ 높아요",60,0.010ppm
438,제 일,35.2233542973,129.1056838773,50,2019-04-18,부적합,051-519-4392,금정구청 환경위생과,부산광역시 금정구,15,"비, 어제보다 5˚ 높아요",60,0.010ppm
439,서 곡,35.2240189534,129.1037375009,150,2019-04-18,적합,051-519-4392,금정구청 환경위생과,부산광역시 금정구,15,"비, 어제보다 5˚ 높아요",60,0.010ppm
440,삼밭골,35.2352800212,129.0681741086,150,2019-04-16,부적합,051-519-4392,금정구청 환경위생과,부산광역시 금정구,15,"비, 어제보다 5˚ 높아요",60,0.010ppm
441,용소약수터,35.246179,129.203662,50,2019-08-06,부적합,051-709-4383,부산광역시 기장군청,부산광역시 기장군,16,"비, 어제보다 1˚ 높아요",60,0.014ppm
442,불광산약수터,35.37699521,129.2325913,100,2019-08-06,부적합,057-709-4383,부산광역시 기장군청,부산광역시 기장군,16,"비, 어제보다 1˚ 높아요",60,0.014ppm
443,안창약수터,35.156242,129.088693,100,2020-02-04,부적합,051-607-4391,부산광역시 남구청,부산광역시 남구,15,"비, 어제보다 1˚ 낮아요",60,0.004ppm
444,중앙늘샘쉼터,35.152195,129.085061,150,2020-02-04,부적합,051-607-4391,부산광역시 남구청,부산광역시 남구,15,"비, 어제보다 1˚ 낮아요",60,0.004ppm
445,냉수욕터약수터,35.153262,129.085802,150,2020-02-04,적합,051-607-4391,부산광역시 남구청,부산광역시 남구,15,"비, 어제보다 1˚ 낮아요",60,0.004ppm
446,대연샘약수터,35.144836,129.093729,150,2020-02-04,적합,051-607-4391,부산광역시 남구청,부산광역시 남구,15,"비, 어제보다 1˚ 낮아요",60,0.004ppm
447,체육공원약수터,35.147299,129.080717,100,2020-02-04,부적합,051-607-4391,부산광역시 남구청,부산광역시 남구,15,"비, 어제보다 1˚ 낮아요",60,0.004ppm
448,문현약수터,35.148724,129.081967,200,2020-02-04,적합,051-607-4391,부산광역시 남구청,부산광역시 남구,15,"비, 어제보다 1˚ 낮아요",60,0.004ppm
449,용당12통간이수,35.1176460435,129.095047,50,2020-02-04,적합,051-607-4391,부산광역시 남구청,부산광역시 남구,15,"비, 어제보다 1˚ 낮아요",60,0.004ppm
450,장군묘약수터,35.124381,129.123059,100,2020-02-04,적합,051-607-4391,부산광역시 남구청,부산광역시 남구,15,"비, 어제보다 1˚ 낮아요",60,0.004ppm
451,장자산약수터,35.166229,129.082435,150,2020-02-04,부적합,051-607-4391,부산광역시 남구청,부산광역시 남구,15,"비, 어제보다 1˚ 낮아요",60,0.004ppm
452,이기대큰고개약수터,35.124381,129.121877,150,2020-02-04,적합,051-607-4391,부산광역시 남구청,부산광역시 남구,15,"비, 어제보다 1˚ 낮아요",60,0.004ppm
453,장산약수터,35.125504,129.121686,150,2020-02-04,부적합,051-607-4391,부산광역시 남구청,부산광역시 남구,15,"비, 어제보다 1˚ 낮아요",60,0.004ppm
454,이기대약수터,35.124662,129.119626,200,2020-02-04,적합,051-607-4391,부산광역시 남구청,부산광역시 남구,15,"비, 어제보다 1˚ 낮아요",60,0.004ppm
455,만리산,35.1423433364,129.0430461124,60,2019-08-06,적합,051-440-4382,부산광역시 동구,부산광역시 동구,16,"비, 어제보다 0˚ 높아요",60,0.009ppm
456,백운사,35.1352726,129.0403771,60,2019-08-06,적합,051-440-4382,부산광역시 동구,부산광역시 동구,16,"비, 어제보다 0˚ 높아요",60,0.009ppm
457,수정4동체육공원,35.1286156,129.0358408122,300,2019-08-06,적합,051-440-4382,부산광역시 동구,부산광역시 동구,16,"비, 어제보다 0˚ 높아요",60,0.009ppm
458,청조,35.1308300633,129.0315289601,80,2019-08-06,적합,051-440-4382,부산광역시 동구,부산광역시 동구,16,"비, 어제보다 0˚ 높아요",60,0.009ppm
459,만수,35.1279007,129.0305165141,90,2019-08-06,적합,051-440-4382,부산광역시 동구,부산광역시 동구,16,"비, 어제보다 0˚ 높아요",60,0.009ppm
460,수정샘,35.1272362,129.027846402,70,2019-08-06,적합,051-440-4382,부산광역시 동구,부산광역시 동구,16,"비, 어제보다 0˚ 높아요",60,0.009ppm
461,새구봉천,35.1219896,129.0270661,80,2019-08-06,적합,051-440-4382,부산광역시 동구,부산광역시 동구,16,"비, 어제보다 0˚ 높아요",60,0.009ppm
462,사적공원,35.210524,129.090951,320,2019-04-22,적합,051-550-4395,동래구청,부산광역시 동래구,15,"비, 어제보다 1˚ 높아요",60,0.002ppm
463,쌍    암,35.207093,129.050409,60,2019-04-22,적합,051-550-4395,동래구청,부산광역시 동래구,15,"비, 어제보다 1˚ 높아요",60,0.002ppm
464,금    병,35.206539,129.050022,120,2019-04-22,적합,051-550-4395,동래구청,부산광역시 동래구,15,"비, 어제보다 1˚ 높아요",60,0.002ppm
465,쇠    미,35.200265,129.044702,80,2019-04-22,적합,051-550-4395,동래구청,부산광역시 동래구,15,"비, 어제보다 1˚ 높아요",60,0.002ppm
466,철 학 로,35.213045,129.049901,200,2019-04-22,적합,051-550-4395,동래구청,부산광역시 동래구,15,"비, 어제보다 1˚ 높아요",60,0.002ppm
467,대 덕 사,35.214657,129.058907,50,2019-04-22,적합,051-550-4395,동래구청,부산광역시 동래구,15,"비, 어제보다 1˚ 높아요",60,0.002ppm
468,금 강  1,35.209393,129.056059,100,2019-04-22,적합,051-550-4395,동래구청,부산광역시 동래구,15,"비, 어제보다 1˚ 높아요",60,0.002ppm
469,만 수 정,35.210725,129.051193,100,2019-04-22,적합,051-550-4395,동래구청,부산광역시 동래구,15,"비, 어제보다 1˚ 높아요",60,0.002ppm
470,금 강  2,35.208664,129.053135,120,2019-04-22,적합,051-550-4395,동래구청,부산광역시 동래구,15,"비, 어제보다 1˚ 높아요",60,0.002ppm
471,엄광산,35.1411793081,129.0267032618,200,2019-08-01,적합,051-605-4382,부산광역시 부산진구청,부산광역시 부산진구,15,"비, 어제보다 1˚ 높아요",60,0.004ppm
472,등나무,35.1620684769,129.015251419,150,2019-08-01,적합,051-605-4382,부산광역시 부산진구청,부산광역시 부산진구,15,"비, 어제보다 1˚ 높아요",60,0.004ppm
473,용 골,35.1723131321,129.017190052,100,2019-08-01,부적합,051-605-4382,부산광역시 부산진구청,부산광역시 부산진구,15,"비, 어제보다 1˚ 높아요",60,0.004ppm
474,고 산,35.1723131321,129.017190052,150,2019-08-01,적합,051-605-4382,부산광역시 부산진구청,부산광역시 부산진구,15,"비, 어제보다 1˚ 높아요",60,0.004ppm
475,백 선,35.1723131321,129.017190052,100,2019-08-01,적합,051-605-4382,부산광역시 부산진구청,부산광역시 부산진구,15,"비, 어제보다 1˚ 높아요",60,0.004ppm
476,오 행,35.1723131321,129.017190052,100,2019-08-01,적합,051-605-4382,부산광역시 부산진구청,부산광역시 부산진구,15,"비, 어제보다 1˚ 높아요",60,0.004ppm
477,청 수,35.1723131321,129.017190052,150,2019-08-01,부적합,051-605-4382,부산광역시 부산진구청,부산광역시 부산진구,15,"비, 어제보다 1˚ 높아요",60,0.004ppm
478,선암사,35.1769346542,129.0277443322,100,2019-08-01,적합,051-605-4382,부산광역시 부산진구청,부산광역시 부산진구,15,"비, 어제보다 1˚ 높아요",60,0.004ppm
479,만수정,35.159864809,129.0782410402,200,2019-08-01,적합,051-605-4382,부산광역시 부산진구청,부산광역시 부산진구,15,"비, 어제보다 1˚ 높아요",60,0.004ppm
480,금련암,35.1575049964,129.0787998702,150,2019-08-01,적합,051-605-4382,부산광역시 부산진구청,부산광역시 부산진구,15,"비, 어제보다 1˚ 높아요",60,0.004ppm
481,벽산,35.1943994,129.0141963,250,2019-01-24,적합,051-309-4387,부산광역시 북구청,부산광역시 북구,16,"비, 어제보다 1˚ 낮아요",60,0.006ppm
482,백천,35.2013514,129.0149966,100,2019-01-24,부적합,051-309-4387,부산광역시 북구청,부산광역시 북구,16,"비, 어제보다 1˚ 낮아요",60,0.006ppm
483,선강(하),35.1948948,128.9990817,270,2019-01-07,적합,051-309-4387,부산광역시 북구청,부산광역시 북구,16,"비, 어제보다 1˚ 낮아요",60,0.006ppm
484,백양산체육공원,35.1964182,129.0163737,250,2019-01-24,적합,051-309-4387,부산광역시 북구청,부산광역시 북구,16,"비, 어제보다 1˚ 낮아요",60,0.006ppm
485,금곡,35.2584846,129.0252813,250,2019-01-24,부적합,051-309-4387,부산광역시 북구청,부산광역시 북구,16,"비, 어제보다 1˚ 낮아요",60,0.006ppm
486,도개공,35.21803873,129.021114,270,2019-01-07,적합,051-309-4387,부산광역시 북구청,부산광역시 북구,16,"비, 어제보다 1˚ 낮아요",60,0.006ppm
487,삼정,35.2061597138,129.035563713,250,2019-01-07,적합,051-309-4387,부산광역시 북구청,부산광역시 북구,16,"비, 어제보다 1˚ 낮아요",60,0.006ppm
488,백만정,35.2002978,129.0371773,250,2019-01-07,적합,051-309-4387,부산광역시 북구청,부산광역시 북구,16,"비, 어제보다 1˚ 낮아요",60,0.006ppm
489,상학산,35.2233918,129.0360764,250,2019-01-24,적합,051-309-4387,부산광역시 북구청,부산광역시 북구,16,"비, 어제보다 1˚ 낮아요",60,0.006ppm
490,만수천,35.2267032,129.0419846,120,2019-01-24,부적합,051-309-4387,부산광역시 북구청,부산광역시 북구,16,"비, 어제보다 1˚ 낮아요",60,0.006ppm
491,병풍사,35.2159615,129.0510295,250,2019-01-07,적합,051-309-4387,부산광역시 북구청,부산광역시 북구,16,"비, 어제보다 1˚ 낮아요",60,0.006ppm
492,삼각산약수터,35.1720404508,128.997734955,100,2019-05-06,부적합,051-310-5174,부산광역시 사상구청,부산광역시 사상구,16,"비, 어제보다 1˚ 낮아요",60,0.002ppm
493,청수약수터,35.1720404508,128.997734955,100,2019-05-06,부적합,051-310-5174,부산광역시 사상구청,부산광역시 사상구,16,"비, 어제보다 1˚ 낮아요",60,0.002ppm
494,백수약수터,35.191183,128.996342,40,2019-05-06,적합,051-310-5174,부산광역시 사상구청,부산광역시 사상구,16,"비, 어제보다 1˚ 낮아요",60,0.002ppm
495,운수사약수터,35.184253,129.012967,300,2019-05-06,적합,051-310-5174,부산광역시 사상구청,부산광역시 사상구,16,"비, 어제보다 1˚ 낮아요",60,0.002ppm
496,서당골약수터,35.181192,129.000344,300,2019-05-06,적합,051-310-5174,부산광역시 사상구청,부산광역시 사상구,16,"비, 어제보다 1˚ 낮아요",60,0.002ppm
497,이칠약수터,35.185998,129.011131,50,2019-05-06,적합,051-310-5174,부산광역시 사상구청,부산광역시 사상구,16,"비, 어제보다 1˚ 낮아요",60,0.002ppm
498,불심약수터,35.125417,128.979325,80,2019-05-06,부적합,051-310-5174,부산광역시 사상구청,부산광역시 사상구,16,"비, 어제보다 1˚ 낮아요",60,0.002ppm
499,백련약수터,35.128097,128.983019,80,2019-05-06,부적합,051-310-5174,부산광역시 사상구청,부산광역시 사상구,16,"비, 어제보다 1˚ 낮아요",60,0.002ppm
500,승학(엄궁)약수터,35.119529,128.974225,200,2019-05-06,적합,051-310-5174,부산광역시 사상구청,부산광역시 사상구,16,"비, 어제보다 1˚ 낮아요",60,0.002ppm
501,백양골약수터,35.159854,128.999873,50,2019-05-06,적합,051-310-5174,부산광역시 사상구청,부산광역시 사상구,16,"비, 어제보다 1˚ 낮아요",60,0.002ppm
502,건강약수터,35.161109,129.005471,150,2019-05-06,적합,051-310-5174,부산광역시 사상구청,부산광역시 사상구,16,"비, 어제보다 1˚ 낮아요",60,0.002ppm
503,백양정약수터,35.157566,129.009092,50,2019-05-06,적합,051-310-5174,부산광역시 사상구청,부산광역시 사상구,16,"비, 어제보다 1˚ 낮아요",60,0.002ppm
504,복천약수터,35.141511,129.011081,100,2019-05-06,적합,051-310-5174,부산광역시 사상구청,부산광역시 사상구,16,"비, 어제보다 1˚ 낮아요",60,0.002ppm
505,삼운정약수터,35.141417,129.003993,100,2019-05-06,부적합,051-310-5174,부산광역시 사상구청,부산광역시 사상구,16,"비, 어제보다 1˚ 낮아요",60,0.002ppm
506,거북약수터,35.133197,128.983746,50,2019-05-06,적합,051-310-5174,부산광역시 사상구청,부산광역시 사상구,16,"비, 어제보다 1˚ 낮아요",60,0.002ppm
507,승학(학장)약수터,35.128523,128.989904,50,2019-05-06,부적합,051-310-5174,부산광역시 사상구청,부산광역시 사상구,16,"비, 어제보다 1˚ 낮아요",60,0.002ppm
508,김종수공동우물,35.095759,129.007546,65,2020-05-31,적합,051-220-4422,부산광역시 사하구,부산광역시 사하구,14,"비, 어제보다 1˚ 낮아요",60,0.009ppm
509,천마산약수터,35.09191645,129.0102261,50,2020-05-31,적합,051-220-4422,부산광역시 사하구,부산광역시 사하구,14,"비, 어제보다 1˚ 낮아요",60,0.009ppm
510,싸리골약수터,35.10798085,128.9992031,250,2020-05-31,적합,051-220-4422,부산광역시 사하구,부산광역시 사하구,14,"비, 어제보다 1˚ 낮아요",60,0.009ppm
511,장수탑,35.1069800368,128.9997178545,130,2020-05-31,적합,051-220-4422,부산광역시 사하구,부산광역시 사하구,14,"비, 어제보다 1˚ 낮아요",60,0.009ppm
512,마우골약수터,35.109022,128.987705,50,2020-05-31,적합,051-220-4422,부산광역시 사하구,부산광역시 사하구,14,"비, 어제보다 1˚ 낮아요",60,0.009ppm
513,장수천약수터,35.11035857,128.989224,210,2020-05-31,적합,051-220-4422,부산광역시 사하구,부산광역시 사하구,14,"비, 어제보다 1˚ 낮아요",60,0.009ppm
514,옹달샘약수터,35.091994,128.989177,81,2020-05-31,적합,051-220-4422,부산광역시 사하구,부산광역시 사하구,14,"비, 어제보다 1˚ 낮아요",60,0.009ppm
515,낫개약수터,35.060213,128.986832,20,2020-05-31,적합,051-220-4422,부산광역시 사하구,부산광역시 사하구,14,"비, 어제보다 1˚ 낮아요",60,0.009ppm
516,몰운대유원지약수터,35.039083,128.9688179,700,2020-05-31,적합,051-220-4422,부산광역시 사하구,부산광역시 사하구,14,"비, 어제보다 1˚ 낮아요",60,0.009ppm
517,승학약수터,35.110962,128.9774425,170,2020-05-31,부적합,051-220-4422,부산광역시 사하구,부산광역시 사하구,14,"비, 어제보다 1˚ 낮아요",60,0.009ppm
518,정각사약수터,35.11438866,128.9798268,100,2020-05-31,적합,051-220-4422,부산광역시 사하구,부산광역시 사하구,14,"비, 어제보다 1˚ 낮아요",60,0.009ppm
519,보덕포약수터,35.06932975,128.9663257,50,2020-05-31,적합,051-220-4422,부산광역시 사하구,부산광역시 사하구,14,"비, 어제보다 1˚ 낮아요",60,0.009ppm
520,돌샘약수터,35.10697934,128.9997166,80,2020-05-31,적합,051-220-4422,부산광역시 사하구,부산광역시 사하구,14,"비, 어제보다 1˚ 낮아요",60,0.009ppm
521,석천공동우물,35.10474578,128.991384,100,2020-05-31,적합,051-220-4422,부산광역시 사하구,부산광역시 사하구,14,"비, 어제보다 1˚ 낮아요",60,0.009ppm
522,남부민동 천마정 공동우물,35.0857928851,129.020240298,100,2019-08-28,적합,051-240-4391,부산광역시 서구청,부산광역시 서구,16,"비, 어제보다 0˚ 높아요",60,0.009ppm
523,서대신동 꽃마을 공동우물,35.127376659,129.006581747,100,2019-08-28,적합,051-240-4391,부산광역시 서구청,부산광역시 서구,16,"비, 어제보다 0˚ 높아요",60,0.009ppm
524,구이 약수터,35.1216829766,129.016897022,50,2019-08-28,적합,051-240-4391,부산광역시 서구청,부산광역시 서구,16,"비, 어제보다 0˚ 높아요",60,0.009ppm
525,옥천 약수터,35.1216829766,129.016897022,150,2019-08-28,적합,051-240-4391,부산광역시 서구청,부산광역시 서구,16,"비, 어제보다 0˚ 높아요",60,0.009ppm
526,중앙공원 팔각정 공동우물,35.1216829766,129.016897022,500,2019-08-28,적합,051-240-4391,부산광역시 서구청,부산광역시 서구,16,"비, 어제보다 0˚ 높아요",60,0.009ppm
527,조광약수터,35.160368,129.101834,100,2018-11-07,적합,051-610-4391,부산광역시 수영구청,부산광역시 수영구,15,"비, 어제보다 1˚ 높아요",60,0.004ppm
528,삼성약수터,35.167338,129.100217,120,2018-11-07,적합,051-610-4391,부산광역시 수영구청,부산광역시 수영구,15,"비, 어제보다 1˚ 높아요",60,0.004ppm
529,양지약수터,35.168008,129.09504,50,2018-11-07,적합,051-610-4391,부산광역시 수영구청,부산광역시 수영구,15,"비, 어제보다 1˚ 높아요",60,0.004ppm
530,얼음골약수터,35.168008,129.09504,250,2018-11-07,적합,051-610-4391,부산광역시 수영구청,부산광역시 수영구,15,"비, 어제보다 1˚ 높아요",60,0.004ppm
531,미륵암약수터,35.0802742774,129.0627489237,50,2019-07-04,적합,051-419-4391,영도구,부산광역시 영도구,16,"비, 어제보다 0˚ 높아요",60,0.016ppm
532,태종대 두꺼비약수터,35.05693503,129.0810768574,70,2019-07-04,적합,051-419-4391,영도구,부산광역시 영도구,16,"비, 어제보다 0˚ 높아요",60,0.016ppm
533,태종대 용머리약수터,35.05693503,129.0810768574,80,2019-07-04,적합,051-419-4391,영도구,부산광역시 영도구,16,"비, 어제보다 0˚ 높아요",60,0.016ppm
534,청봉약수터,35.086811,129.057755,300,2019-07-04,적합,051-419-4391,영도구,부산광역시 영도구,16,"비, 어제보다 0˚ 높아요",60,0.016ppm
535,봉산약수터,35.091486,129.051261,250,2019-07-04,적합,051-419-4391,영도구,부산광역시 영도구,16,"비, 어제보다 0˚ 높아요",60,0.016ppm
536,복천사약수터,35.08250989,129.0506034,100,2019-07-04,적합,051-419-4391,영도구,부산광역시 영도구,16,"비, 어제보다 0˚ 높아요",60,0.016ppm
537,산정약수터,35.0811547018,129.0476246375,200,2019-07-04,적합,051-419-4391,영도구,부산광역시 영도구,16,"비, 어제보다 0˚ 높아요",60,0.016ppm
538,모천약수터,35.07348728,129.0540805,250,2019-07-04,적합,051-419-4391,영도구,부산광역시 영도구,16,"비, 어제보다 0˚ 높아요",60,0.016ppm
539,달터,37.4771158607,127.051886084,100,2020-07-07,부적합,02-3423-6284,서울특별시 강남구청,서울특별시 강남구,13,"맑음, 어제보다 0˚ 높아요",30,0.002ppm
540,청담,37.5207979095,127.0542755686,200,2020-07-07,부적합,02-3423-6284,서울특별시 강남구청,서울특별시 강남구,13,"맑음, 어제보다 0˚ 높아요",30,0.002ppm
541,정이생(상),37.6320081461,127.033230035,50,2019-03-26,적합,02-901-6935,강북구청 공원녹지과,서울특별시 강북구,14,"구름많음, 어제보다 1˚ 낮아요",30,0.005ppm
542,냉골조기회,37.6371301958,126.9926719411,50,2019-03-26,적합,02-901-6935,강북구청 공원녹지과,서울특별시 강북구,14,"구름많음, 어제보다 1˚ 낮아요",30,0.005ppm
543,삼성암밑,37.6371301958,126.9926719411,50,2019-03-26,적합,02-901-6935,강북구청 공원녹지과,서울특별시 강북구,14,"구름많음, 어제보다 1˚ 낮아요",30,0.005ppm
544,영락,37.6371301958,126.9926719411,50,2019-05-13,적합,02-901-6935,강북구청 공원녹지과,서울특별시 강북구,14,"구름많음, 어제보다 1˚ 낮아요",30,0.005ppm
545,용천수,37.6371301958,126.9926719411,50,2019-03-26,부적합,02-901-6935,강북구청 공원녹지과,서울특별시 강북구,14,"구름많음, 어제보다 1˚ 낮아요",30,0.005ppm
546,세심천,37.6623578563,126.9952172432,50,2019-03-26,부적합,02-901-6935,강북구청 공원녹지과,서울특별시 강북구,14,"구름많음, 어제보다 1˚ 낮아요",30,0.005ppm
547,쌍생수,37.4555991025,126.9457490906,150,2020-04-21,적합,02-879-6541,서울특별시 관악구청,서울특별시 관악구,14,"맑음, 어제보다 1˚ 낮아요",30,0.003ppm
548,완숙골약수터,37.55373,127.097581,1000,2019-02-18,적합,02-450-7775,서울특별시 광진구청,서울특별시 광진구,15,"구름많음, 어제보다 1˚ 낮아요",30,0.001ppm
549,만수천약수터,37.47419698,126.9087871,300,2018-08-06,적합,02-2627-1665,서울특별시 금천구청,서울특별시 금천구,16,"구름많음, 어제보다 0˚ 높아요",30,0.001ppm
550,감로수약수터,37.45590122,126.9171342,50,2018-08-06,부적합,02-2627-1665,서울특별시 금천구청,서울특별시 금천구,16,"구름많음, 어제보다 0˚ 높아요",30,0.001ppm
551,오리나무약수터,37.45590122,126.9171342,70,2018-08-06,부적합,02-2627-1665,서울특별시 금천구청,서울특별시 금천구,16,"구름많음, 어제보다 0˚ 높아요",30,0.001ppm
552,순흥약수터,37.45764834,126.9083406,70,2018-08-06,부적합,02-2627-1665,서울특별시 금천구청,서울특별시 금천구,16,"구름많음, 어제보다 0˚ 높아요",30,0.001ppm
553,시호천약수터,37.464864,126.909772,180,2018-08-06,부적합,02-2627-1665,서울특별시 금천구청,서울특별시 금천구,16,"구름많음, 어제보다 0˚ 높아요",30,0.001ppm
554,불로천약수터,37.439878,126.910799,150,2018-08-06,부적합,02-2627-1665,서울특별시 금천구청,서울특별시 금천구,16,"구름많음, 어제보다 0˚ 높아요",30,0.001ppm
555,치산약수터,37.442851,126.911492,220,2018-08-06,부적합,02-2627-1665,서울특별시 금천구청,서울특별시 금천구,16,"구름많음, 어제보다 0˚ 높아요",30,0.001ppm
556,산복약수터,37.446376,126.914803,200,2018-08-06,적합,02-2627-1665,서울특별시 금천구청,서울특별시 금천구,16,"구름많음, 어제보다 0˚ 높아요",30,0.001ppm
557,호천약수터,37.446025,126.918504,650,2018-08-06,적합,02-2627-1665,서울특별시 금천구청,서울특별시 금천구,16,"구름많음, 어제보다 0˚ 높아요",30,0.001ppm
558,잣나무약수터,37.450393,126.924878,150,2018-07-23,적합,02-2627-1665,서울특별시 금천구청,서울특별시 금천구,16,"구름많음, 어제보다 0˚ 높아요",30,0.001ppm
559,호암2약수터,37.45154228,126.925278,180,2018-07-23,부적합,02-2627-1665,서울특별시 금천구청,서울특별시 금천구,16,"구름많음, 어제보다 0˚ 높아요",30,0.001ppm
560,보람샘,37.660925,127.064157,200,2017-05-16,적합,02-2116-3952,노원구청 공원녹지과,서울특별시 노원구,14,"구름많음, 어제보다 1˚ 낮아요",30,0.012ppm
561,구암샘,37.690243,127.076511,50,2017-05-16,부적합,02-2116-3952,노원구청 공원녹지과,서울특별시 노원구,14,"구름많음, 어제보다 1˚ 낮아요",30,0.012ppm
562,벽운동천,37.681554,127.060168,500,2017-05-16,적합,02-2116-3952,노원구청 공원녹지과,서울특별시 노원구,14,"구름많음, 어제보다 1˚ 낮아요",30,0.012ppm
563,광석,37.679813,127.066777,50,2017-05-16,적합,02-2116-3952,노원구청 공원녹지과,서울특별시 노원구,14,"구름많음, 어제보다 1˚ 낮아요",30,0.012ppm
564,산신제터,37.669106,127.068657,100,2017-04-04,적합,02-2116-3952,노원구청 공원녹지과,서울특별시 노원구,14,"구름많음, 어제보다 1˚ 낮아요",30,0.012ppm
565,수암샘,37.683066,127.083946,50,2017-05-16,부적합,02-2116-3952,노원구청 공원녹지과,서울특별시 노원구,14,"구름많음, 어제보다 1˚ 낮아요",30,0.012ppm
566,동막골,37.683342,127.087072,100,2017-05-16,부적합,02-2116-3952,노원구청 공원녹지과,서울특별시 노원구,14,"구름많음, 어제보다 1˚ 낮아요",30,0.012ppm
567,통일샘,37.669853,127.091635,50,2017-04-04,적합,02-2116-3952,노원구청 공원녹지과,서울특별시 노원구,14,"구름많음, 어제보다 1˚ 낮아요",30,0.012ppm
568,폭포약수,37.665754,127.083626,50,2017-05-16,부적합,02-2116-3952,노원구청 공원녹지과,서울특별시 노원구,14,"구름많음, 어제보다 1˚ 낮아요",30,0.012ppm
569,불암약수,37.667159,127.083473,50,2017-05-16,부적합,02-2116-3952,노원구청 공원녹지과,서울특별시 노원구,14,"구름많음, 어제보다 1˚ 낮아요",30,0.012ppm
570,용천약수,37.667159,127.083473,50,2017-04-04,적합,02-2116-3952,노원구청 공원녹지과,서울특별시 노원구,14,"구름많음, 어제보다 1˚ 낮아요",30,0.012ppm
571,원터샘,37.650783,127.064647,200,2017-04-04,적합,02-2116-3952,노원구청 공원녹지과,서울특별시 노원구,14,"구름많음, 어제보다 1˚ 낮아요",30,0.012ppm
572,도암샘(생성),37.665584,127.083685,50,2017-05-16,부적합,02-2116-3952,노원구청 공원녹지과,서울특별시 노원구,14,"구름많음, 어제보다 1˚ 낮아요",30,0.012ppm
573,삿갓봉,37.657938,127.076152,200,2017-04-04,적합,02-2116-3952,노원구청 공원녹지과,서울특별시 노원구,14,"구름많음, 어제보다 1˚ 낮아요",30,0.012ppm
574,불암산악회,37.659156,127.087901,50,2017-05-16,부적합,02-2116-3952,노원구청 공원녹지과,서울특별시 노원구,14,"구름많음, 어제보다 1˚ 낮아요",30,0.012ppm
575,천병샘,37.659156,127.087901,50,2017-05-16,부적합,02-2116-3952,노원구청 공원녹지과,서울특별시 노원구,14,"구름많음, 어제보다 1˚ 낮아요",30,0.012ppm
576,정암샘,37.661973,127.079434,300,2017-04-04,적합,02-2116-3952,노원구청 공원녹지과,서울특별시 노원구,14,"구름많음, 어제보다 1˚ 낮아요",30,0.012ppm
577,청암샘,37.662581,127.083291,50,2017-05-16,부적합,02-2116-3952,노원구청 공원녹지과,서울특별시 노원구,14,"구름많음, 어제보다 1˚ 낮아요",30,0.012ppm
578,중계샘,37.656473,127.081236,50,2017-05-16,적합,02-2116-3952,노원구청 공원녹지과,서울특별시 노원구,14,"구름많음, 어제보다 1˚ 낮아요",30,0.012ppm
579,청록회,37.641962,127.088836,50,2017-05-16,부적합,02-2116-3952,노원구청 공원녹지과,서울특별시 노원구,14,"구름많음, 어제보다 1˚ 낮아요",30,0.012ppm
580,충숙,37.641108,127.079725,200,2017-05-16,적합,02-2116-3952,노원구청 공원녹지과,서울특별시 노원구,14,"구름많음, 어제보다 1˚ 낮아요",30,0.012ppm
581,학수약수터,37.4928147213,126.9658185448,400,2018-11-07,적합,02-820-1397,서울특별시 동작구청,서울특별시 동작구,14,"맑음, 어제보다 1˚ 낮아요",30,0.006ppm
582,봉구천,37.5715152683,126.9461994143,100,2019-12-16,부적합,02-330-1715,서울특별시 서대문구청,서울특별시 서대문구,14,"맑음, 어제보다 1˚ 낮아요",30,0.003ppm
583,풍천,37.5715152683,126.9461994143,80,2019-12-16,부적합,02-330-1715,서울특별시 서대문구청,서울특별시 서대문구,14,"맑음, 어제보다 1˚ 낮아요",30,0.003ppm
584,율림석수,37.461536316,126.9916311353,100,2019-07-23,부적합,02-2155-6876,서울특별시 서초구청,서울특별시 서초구,12,"맑음, 어제보다 1˚ 높아요",30,0.003ppm
585,방배응봉,37.4776682743,126.9971283786,300,2019-07-23,부적합,02-2155-6883,서울특별시 서초구청,서울특별시 서초구,12,"맑음, 어제보다 1˚ 높아요",30,0.003ppm
586,성산,37.4712530923,127.0024553655,100,2019-07-23,부적합,02-2155-6884,서울특별시 서초구청,서울특별시 서초구,12,"맑음, 어제보다 1˚ 높아요",30,0.003ppm
587,우면정,37.4745142947,127.0106539459,150,2019-07-23,부적합,02-2155-6879,서울특별시 서초구청,서울특별시 서초구,12,"맑음, 어제보다 1˚ 높아요",30,0.003ppm
588,구룡,37.4690403114,127.0503719437,150,2019-07-23,적합,02-2155-6882,서울특별시 서초구청,서울특별시 서초구,12,"맑음, 어제보다 1˚ 높아요",30,0.003ppm
589,산토끼옹달샘,37.4367393714,127.0449491571,100,2019-07-23,부적합,02-2155-6874,서울특별시 서초구청,서울특별시 서초구,12,"맑음, 어제보다 1˚ 높아요",30,0.003ppm
590,청계골,37.4333803192,127.0537377162,150,2019-07-23,적합,02-2155-6875,서울특별시 서초구청,서울특별시 서초구,12,"맑음, 어제보다 1˚ 높아요",30,0.003ppm
591,녹산 약수터,37.5968622933,126.9834222416,50,2019-12-03,부적합,02-2241-3693,성북구청 공원녹지과,서울특별시 성북구,14,"맑음, 어제보다 1˚ 낮아요",30,0.003ppm
592,새북악 약수터,37.611988961,126.9913198312,50,2019-12-03,부적합,02-2241-3693,성북구청 공원녹지과,서울특별시 성북구,14,"맑음, 어제보다 1˚ 낮아요",30,0.003ppm
593,개운산계곡 옹달샘,37.5958620906,127.026913585,50,2019-12-03,부적합,02-2241-3693,성북구청 공원녹지과,서울특별시 성북구,14,"맑음, 어제보다 1˚ 낮아요",30,0.003ppm
594,장지약수터,37.487099,127.139926,100,2019-04-18,적합,02-2147-3401,서울특별시 송파구청,서울특별시 송파구,13,"맑음, 어제보다 1˚ 낮아요",30,0.002ppm
595,달거리,37.545067,126.878837,300,2019-03-25,적합,02-2620-3587,서울특별시 양천구청,서울특별시 양천구,16,"맑음, 어제보다 0˚ 높아요",30,0.004ppm
596,석산정,37.521138,126.827459,30,2019-03-25,부적합,02-2620-3587,서울특별시 양천구청,서울특별시 양천구,16,"맑음, 어제보다 0˚ 높아요",30,0.004ppm
597,연희,37.516736,126.825942,30,2019-03-25,적합,02-2620-3587,서울특별시 양천구청,서울특별시 양천구,16,"맑음, 어제보다 0˚ 높아요",30,0.004ppm
598,다락골,37.51536,126.851499,300,2019-03-25,부적합,02-2620-3587,서울특별시 양천구청,서울특별시 양천구,16,"맑음, 어제보다 0˚ 높아요",30,0.004ppm
599,우름바위,37.510368,126.856143,400,2019-03-25,적합,02-2620-3587,서울특별시 양천구청,서울특별시 양천구,16,"맑음, 어제보다 0˚ 높아요",30,0.004ppm
600,매봉,37.505753,126.839641,300,2019-03-25,적합,02-2620-3587,서울특별시 양천구청,서울특별시 양천구,16,"맑음, 어제보다 0˚ 높아요",30,0.004ppm
601,서부(우),37.6238509076,126.9095222706,100,2019-08-09,부적합,02-351-8009,서울특별시 은평구청,서울특별시 은평구,15,"맑음, 어제보다 2˚ 높아요",30,0.002ppm
602,앵봉(좌),37.6272770471,126.9100360331,100,2019-08-09,부적합,02-351-8009,서울특별시 은평구청,서울특별시 은평구,15,"맑음, 어제보다 2˚ 높아요",30,0.002ppm
603,수국사,37.6152152939,126.9053463748,100,2019-08-09,부적합,02-351-8009,서울특별시 은평구청,서울특별시 은평구,15,"맑음, 어제보다 2˚ 높아요",30,0.002ppm
604,거북,37.6040917567,126.9397546539,500,2019-08-09,적합,02-351-8009,서울특별시 은평구청,서울특별시 은평구,15,"맑음, 어제보다 2˚ 높아요",30,0.002ppm
605,장미동산(우),37.6040917567,126.9397546539,200,2019-08-09,부적합,02-351-8009,서울특별시 은평구청,서울특별시 은평구,15,"맑음, 어제보다 2˚ 높아요",30,0.002ppm
606,응암,37.5941517019,126.9261956704,200,2019-08-09,부적합,02-351-8009,서울특별시 은평구청,서울특별시 은평구,15,"맑음, 어제보다 2˚ 높아요",30,0.002ppm
607,동산,37.592388,127.10659,150,2019-03-28,적합,02-2094-2367,중랑구청 공원녹지과,서울특별시 중랑구,15,"구름많음, 어제보다 1˚ 낮아요",30,0.006ppm
608,송림천,37.59158,127.110374,80,2019-03-28,적합,02-2094-2367,중랑구청 공원녹지과,서울특별시 중랑구,15,"구름많음, 어제보다 1˚ 낮아요",30,0.006ppm
609,용마산,37.594974,127.109802,300,2019-03-28,적합,02-2094-2367,중랑구청 공원녹지과,서울특별시 중랑구,15,"구름많음, 어제보다 1˚ 낮아요",30,0.006ppm
610,면목지구,37.57933,127.098025,300,2019-03-28,적합,02-2094-2367,중랑구청 공원녹지과,서울특별시 중랑구,15,"구름많음, 어제보다 1˚ 낮아요",30,0.006ppm
611,용마제일,37.579254,127.099914,50,2019-03-28,적합,02-2094-2367,중랑구청 공원녹지과,서울특별시 중랑구,15,"구름많음, 어제보다 1˚ 낮아요",30,0.006ppm
612,태능지구,37.611289,127.082649,250,2019-03-28,적합,02-2094-2367,중랑구청 공원녹지과,서울특별시 중랑구,15,"구름많음, 어제보다 1˚ 낮아요",30,0.006ppm
613,성덕사,37.604114,127.085838,300,2019-03-28,적합,02-2094-2367,중랑구청 공원녹지과,서울특별시 중랑구,15,"구름많음, 어제보다 1˚ 낮아요",30,0.006ppm
614,북한산 옹달샘,37.6179970575,127.0018349432,50,2019-12-03,부적합,02-2241-3693,성북구청 공원녹지과,성북구 정릉동,12,"맑음, 어제보다 0˚ 높아요",30,0.005ppm
615,정릉동 옹달샘,37.6179970575,127.0018349432,50,2019-12-03,부적합,02-2241-3693,성북구청 공원녹지과,성북구 정릉동,12,"맑음, 어제보다 0˚ 높아요",30,0.005ppm
616,오읍약수터,37.7551982226,126.4844215395,120,2019-03-06,부적합,032-930-4193,강화읍사무소,인천광역시 강화군,13,"구름많음, 어제보다 2˚ 높아요",30,0.025ppm
617,찬우물약수터,37.7216611841,126.4752330909,150,2019-03-06,적합,032-930-4211,선원면사무소,인천광역시 강화군,13,"구름많음, 어제보다 2˚ 높아요",30,0.025ppm
618,약사사약수터,37.47187726,126.7128332,100,2019-10-01,부적합,032-453-2651,인천광역시 남동구청,인천광역시 남동구,13,"맑음, 어제보다 2˚ 높아요",30,0.004ppm
619,범아가리약수터,37.406795,126.714486,100,2019-10-01,부적합,032-453-2651,인천광역시 남동구청,인천광역시 남동구,13,"맑음, 어제보다 2˚ 높아요",30,0.004ppm
620,오봉산약수터,37.415001,126.733674,250,2019-10-01,적합,032-453-2651,인천광역시 남동구청,인천광역시 남동구,13,"맑음, 어제보다 2˚ 높아요",30,0.004ppm
621,감로천약수터,37.468825,126.732545,100,2019-10-01,부적합,032-453-2651,인천광역시 남동구청,인천광역시 남동구,13,"맑음, 어제보다 2˚ 높아요",30,0.004ppm
622,불로약수터,37.46883023,126.7242531,100,2019-10-01,부적합,032-453-2651,인천광역시 남동구청,인천광역시 남동구,13,"맑음, 어제보다 2˚ 높아요",30,0.004ppm
623,귀성약수터,37.46227725,126.772928,300,2019-10-01,적합,032-453-2651,인천광역시 남동구청,인천광역시 남동구,13,"맑음, 어제보다 2˚ 높아요",30,0.004ppm
624,문학약수터,37.4405548028,126.6880701821,150,2019-09-03,적합,032-880-4377,인천광역시 미추홀구청,인천광역시 미추홀구,15,"맑음, 어제보다 0˚ 높아요",30,0.003ppm
625,연경산약수터,37.436001,126.670898,100,2019-09-03,적합,032-880-4377,인천광역시 미추홀구청,인천광역시 미추홀구,15,"맑음, 어제보다 0˚ 높아요",30,0.003ppm
626,번개약수터,37.473615,126.765066,50,2019-08-06,적합,032-509-6647,인천광역시 부평구청,인천광역시 부평구,13,"맑음, 어제보다 2˚ 높아요",30,0.005ppm
627,부령약수터,37.474878,126.731483,50,2019-08-20,부적합,032-509-6647,인천광역시 부평구청,인천광역시 부평구,13,"맑음, 어제보다 2˚ 높아요",30,0.005ppm
628,선포약수터,37.486743,126.702179,250,2019-08-06,적합,032-509-6647,인천광역시 부평구청,인천광역시 부평구,13,"맑음, 어제보다 2˚ 높아요",30,0.005ppm
629,용포약수터,37.485077,126.704307,150,2019-08-06,적합,032-509-6647,인천광역시 부평구청,인천광역시 부평구,13,"맑음, 어제보다 2˚ 높아요",30,0.005ppm
630,백조약수터,37.473163,126.733988,80,2019-08-20,부적합,032-509-6647,인천광역시 부평구청,인천광역시 부평구,13,"맑음, 어제보다 2˚ 높아요",30,0.005ppm
631,동우약수터,37.533691,126.680581,30,2020-08-14,부적합,032-560-4354,인천광역시 서구청,인천광역시 서구,15,"맑음, 어제보다 2˚ 높아요",30,0.004ppm
632,가정약수터,37.515521,126.682113,30,2020-08-14,부적합,032-560-4354,인천광역시 서구청,인천광역시 서구,15,"맑음, 어제보다 2˚ 높아요",30,0.004ppm
633,가현산약수터,37.623594,126.651301,30,2020-08-14,부적합,032-560-4354,인천광역시 서구청,인천광역시 서구,15,"맑음, 어제보다 2˚ 높아요",30,0.004ppm
634,석남3약수터,37.506751,126.683106,30,2020-08-14,부적합,032-560-4354,인천광역시 서구청,인천광역시 서구,15,"맑음, 어제보다 2˚ 높아요",30,0.004ppm
635,호불사,37.421472,126.658402,200,2020-07-02,적합,032-749-7921,연수구청,인천광역시 연수구,15,"맑음, 어제보다 0˚ 높아요",30,0.002ppm
636,포망골,37.421131,126.664338,200,2020-07-02,적합,032-749-7921,연수구청,인천광역시 연수구,15,"맑음, 어제보다 0˚ 높아요",30,0.002ppm
637,청학사,37.4296101332,126.6691301302,200,2020-07-02,적합,032-749-7921,연수구청,인천광역시 연수구,15,"맑음, 어제보다 0˚ 높아요",30,0.002ppm
638,병풍바위,37.421779,126.660848,200,2020-07-02,적합,032-749-7921,연수구청,인천광역시 연수구,15,"맑음, 어제보다 0˚ 높아요",30,0.002ppm
639,월미공원 전통공원지구 약수터,37.4726761902,126.6061264794,200,2019-05-17,적합,032-760-7393,인천광역시 중구청,인천광역시 중구,15,"맑음, 어제보다 0˚ 높아요",30,0.003ppm
640,탑골,34.642039651,126.7670870117,100,2019-06-12,적합,061-430-3775,강진군,전라남도 강진군,14,"비, 어제보다 2˚ 높아요",60,0.033ppm
641,보은산,34.6543456953,126.765041045,150,2019-06-12,적합,061-430-3775,강진군,전라남도 강진군,14,"비, 어제보다 2˚ 높아요",60,0.033ppm
642,낙하정,34.6382181276,126.7617753221,500,2019-06-12,적합,061-430-3775,강진군,전라남도 강진군,14,"비, 어제보다 2˚ 높아요",60,0.033ppm
643,가재샘,34.5499439025,126.7347984755,60,2019-06-12,적합,061-430-3775,강진군,전라남도 강진군,14,"비, 어제보다 2˚ 높아요",60,0.033ppm
644,기알재,34.7362085502,126.7986814479,150,2019-06-12,부적합,061-430-3775,강진군,전라남도 강진군,14,"비, 어제보다 2˚ 높아요",60,0.033ppm
645,삼인동약수터,35.17297,127.280275,100,2018-07-20,적합,061-360-8525,곡성군 환경과,전라남도 곡성군,13,"비, 어제보다 2˚ 높아요",60,0.015ppm
646,아방절약수터,35.26707,127.324245,50,2018-07-20,적합,061-360-8525,곡성군 환경과,전라남도 곡성군,13,"비, 어제보다 2˚ 높아요",60,0.015ppm
647,지동약수터,35.28509,127.123208,100,2018-07-20,적합,061-360-8525,곡성군 환경과,전라남도 곡성군,13,"비, 어제보다 2˚ 높아요",60,0.015ppm
648,광영 큰골약수터,34.9655308,127.7046318,50,2018-12-24,적합,061-797-2535,전라남도 광양시청,전라남도 광양시,14,"비, 어제보다 2˚ 낮아요",60,0.023ppm
649,마동 관음사약수터,34.9528517,127.7029812692,60,2018-12-24,적합,061-797-2535,전라남도 광양시청,전라남도 광양시,14,"비, 어제보다 2˚ 낮아요",60,0.023ppm
650,옥룡 상산약수터,35.0435615,127.5921925,150,2018-12-24,적합,061-797-2535,전라남도 광양시청,전라남도 광양시,14,"비, 어제보다 2˚ 낮아요",60,0.023ppm
651,감로천,35.27277782,127.4760457,50,2020-05-08,적합,061-780-8119,구례군청,전라남도 구례군,14,"비, 어제보다 5˚ 높아요",60,0.007ppm
652,버드실샘,35.236022,127.472666,50,2020-05-08,적합,061-780-8119,구례군청,전라남도 구례군,14,"비, 어제보다 5˚ 높아요",60,0.007ppm
653,작은등샘,35.208062,127.507388,50,2020-05-08,적합,061-780-8119,구례군청,전라남도 구례군,14,"비, 어제보다 5˚ 높아요",60,0.007ppm
654,당몰샘,35.21555809,127.4982662,50,2020-05-08,부적합,061-780-8119,구례군청,전라남도 구례군,14,"비, 어제보다 5˚ 높아요",60,0.007ppm
655,심원옹달샘,35.30606232,127.5104711,50,2020-05-08,부적합,061-780-8119,구례군청,전라남도 구례군,14,"비, 어제보다 5˚ 높아요",60,0.007ppm
656,담양군 죽림약수터,35.1376451408,127.0694876366,50,2019-02-18,적합,061-380-3327,담양군 물순환사업소,전라남도 담양군,14,"비, 어제보다 3˚ 높아요",60,0.005ppm
657,담양군 옥천골약수터,35.2421592586,127.072374,250,2019-02-18,적합,061-380-3327,담양군 물순환사업소,전라남도 담양군,14,"비, 어제보다 3˚ 높아요",60,0.005ppm
658,담양군 한재골약수터,35.3091268491,126.874591,100,2019-02-18,적합,061-380-3327,담양군 물순환사업소,전라남도 담양군,14,"비, 어제보다 3˚ 높아요",60,0.005ppm
659,담양군 물통공약수터,35.3950113587,126.9764290725,50,2019-02-18,적합,061-380-3327,담양군 물순환사업소,전라남도 담양군,14,"비, 어제보다 3˚ 높아요",60,0.005ppm
660,고락산(Ⅰ),34.7576841,127.6905358,350,2019-03-11,적합,061-659-4907,전라남도 여수시청,전라남도 여수시,15,"비, 어제보다 3˚ 낮아요",60,0.042ppm
661,구봉산,34.7406432,127.7149606,500,2019-03-11,적합,061-659-4907,전라남도 여수시청,전라남도 여수시,15,"비, 어제보다 3˚ 낮아요",60,0.042ppm
662,쌍용사,34.7649133,127.6459135,300,2019-03-11,적합,061-659-4907,전라남도 여수시청,전라남도 여수시,15,"비, 어제보다 3˚ 낮아요",60,0.042ppm
663,고락산(Ⅱ),34.7613589,127.6895761,400,2019-03-11,적합,061-659-4907,전라남도 여수시청,전라남도 여수시,15,"비, 어제보다 3˚ 낮아요",60,0.042ppm
664,연곡제,34.7461798,127.710941,200,2019-03-11,적합,061-659-4907,전라남도 여수시청,전라남도 여수시,15,"비, 어제보다 3˚ 낮아요",60,0.042ppm
665,텃골,34.7478296,127.7083424,300,2019-03-11,적합,061-659-4907,전라남도 여수시청,전라남도 여수시,15,"비, 어제보다 3˚ 낮아요",60,0.042ppm
666,연등,34.7567281,127.7233117,100,2019-03-11,적합,061-659-4907,전라남도 여수시청,전라남도 여수시,15,"비, 어제보다 3˚ 낮아요",60,0.042ppm
667,불갑약수터,35.212291,126.506717,70,2017-11-08,적합,061-350-5528,전라남도 영광군,전라남도 영광군,14,"흐림, 어제보다 1˚ 높아요",60,0.030ppm
668,냉천약수터,34.826377,126.744629,30,2019-06-13,적합,061-470-2692,수도사업소,전라남도 영암군,13,"비, 어제보다 3˚ 높아요",60,0.025ppm
669,길암천약수터,34.707286,126.5629792,20,2019-06-13,적합,061-470-2692,수도사업소,전라남도 영암군,13,"비, 어제보다 3˚ 높아요",60,0.025ppm
670,탑동약수터,37.566535,126.977969,35,2019-06-13,적합,061-470-2692,수도사업소,전라남도 영암군,13,"비, 어제보다 3˚ 높아요",60,0.025ppm
671,백양사약수터,35.4392036,126.8832322,200,2018-02-19,적합,061-390-8566,전라남도 장성군 맑은물관리사업소,전라남도 장성군,14,"비, 어제보다 2˚ 높아요",60,0.011ppm
672,빗기촌약수터,35.299103,126.787529,50,2018-02-19,적합,061-390-8566,전라남도 장성군 맑은물관리사업소,전라남도 장성군,14,"비, 어제보다 2˚ 높아요",60,0.011ppm
673,제봉산약수터,35.29759,126.790674,50,2018-03-30,적합,061-390-8566,전라남도 장성군 맑은물관리사업소,전라남도 장성군,14,"비, 어제보다 2˚ 높아요",60,0.011ppm
674,사또샘약수터,34.6820317383,126.8954429398,180,2019-03-12,적합,061-860-0521,전라남도장흥군청,전라남도 장흥군,14,"비, 어제보다 3˚ 높아요",60,0.037ppm
675,평화약수터,34.664216576,126.9202614278,300,2019-03-12,적합,061-860-0521,전라남도장흥군청,전라남도 장흥군,14,"비, 어제보다 3˚ 높아요",60,0.037ppm
676,억불샘약수터,34.6601255701,126.9225912311,70,2019-03-12,적합,061-860-0521,전라남도장흥군청,전라남도 장흥군,14,"비, 어제보다 3˚ 높아요",60,0.037ppm
677,동복 땀띠샘,35.063346,127.136639,20,2019-03-26,적합,061-379-3853,전라남도 화순군청,전라남도 화순군,13,"비, 어제보다 1˚ 높아요",60,0.021ppm
678,한천 참샘,34.988161,127.001333,20,2019-03-26,적합,061-379-3853,전라남도 화순군청,전라남도 화순군,13,"비, 어제보다 1˚ 높아요",60,0.021ppm
679,장군산(오리알) 약수터,35.979046,126.759352,100,2019-03-20,적합,063-454-3414,전라북도 군산시청,전라북도 군산시,15,"흐림, 어제보다 2˚ 높아요",30,0.018ppm
680,임피남산 약수터,35.976533,126.855679,50,2019-03-20,적합,063-454-3414,전라북도 군산시청,전라북도 군산시,15,"흐림, 어제보다 2˚ 높아요",30,0.018ppm
681,월정,35.65919311,126.6527376,0,2015-09-14,부적합,063-580-3870,부안군상하수도사업소,전라북도 부안군,14,"흐림, 어제보다 2˚ 높아요",30,0.019ppm
682,대룡샘,35.57821654,126.2624234,0,2015-09-14,부적합,063-580-3870,부안군상하수도사업소,전라북도 부안군,14,"흐림, 어제보다 2˚ 높아요",30,0.019ppm
683,진동,35.70936057,126.7228157,0,2015-09-14,부적합,063-580-3870,부안군상하수도사업소,전라북도 부안군,14,"흐림, 어제보다 2˚ 높아요",30,0.019ppm
684,대가약수터,35.3421471329,127.1789022752,50,2019-05-09,적합,063-650-1733,순창군청,전라북도 순창군,13,"비, 어제보다 2˚ 높아요",60,0.015ppm
685,수왕사 약수터,35.7272881,127.0890475,1000,2019-03-22,적합,063-290-2693,완주군청,전라북도 완주군,13,"흐림, 어제보다 3˚ 높아요",20,0.013ppm
686,좁은목약수터,35.8074957292,127.1625772168,300,2020-06-16,적합,063-281-6921,맑은물사업본부 급수과,전라북도 전주시,14,"흐림, 어제보다 2˚ 높아요",20,0.032ppm
687,완산칠봉약수터,35.8072918826,127.1457656086,50,2020-06-16,적합,063-281-6921,맑은물사업본부 급수과,전라북도 전주시,14,"흐림, 어제보다 2˚ 높아요",20,0.032ppm
688,영실물,33.3331523531,126.4761728161,200,2019-03-31,적합,064-710-6430,환경보전국 물정책과,제주도 서귀포시,18,"비, 어제보다 0˚ 높아요",70,0.037ppm
689,절물,33.4377719736,126.6258276666,250,2019-03-31,적합,064-710-6430,환경보전국 물정책과,제주도 제주시,17,"비, 어제보다 1˚ 낮아요",70,0.046ppm
690,동금암광장,36.272459,127.258788,120,2020-03-05,적합,042-840-2453,계룡시 환경위생과,충청남도 계룡시,11,"흐림, 어제보다 4˚ 높아요",30,0.010ppm
691,청송약수터,36.29656268,127.2377735,200,2020-03-05,적합,042-840-2453,계룡시 환경위생과,충청남도 계룡시,11,"흐림, 어제보다 4˚ 높아요",30,0.010ppm
692,만운사약수터,36.29242913,127.2202612,50,2020-03-05,적합,042-840-2453,계룡시 환경위생과,충청남도 계룡시,11,"흐림, 어제보다 4˚ 높아요",30,0.010ppm
693,갑사 용수대,36.3678309471,127.1829464,300,2019-04-09,적합,042-825-3002,계룡산 국립공원관리사무소,충청남도 공주시,11,"흐림, 어제보다 3˚ 높아요",30,0.006ppm
694,동학사 매표소,36.3566829,127.2325192,700,2019-04-09,적합,042-825-3002,계룡산 국립공원관리사무소,충청남도 공주시,11,"흐림, 어제보다 3˚ 높아요",30,0.006ppm
695,해지개큰샘,36.4452027668,127.1196552886,100,2019-04-09,적합,041-840-8626,공주시청 상하수도과,충청남도 공주시,11,"흐림, 어제보다 3˚ 높아요",30,0.006ppm
696,노성산약수터,36.28664619,127.1269436,50,2019-02-14,적합,041-746-5552,충청남도 논산시청,충청남도 논산시,13,"흐림, 어제보다 3˚ 높아요",30,0.003ppm
697,노성산(하)약수터,36.286634,127.126936,60,2020-01-01,적합,041-746-5552,논산시 환경과,충청남도 논산시,13,"흐림, 어제보다 3˚ 높아요",30,0.003ppm
698,수락약수터,36.14761533,127.305794,50,2019-02-14,적합,041-746-5552,충청남도 논산시청,충청남도 논산시,13,"흐림, 어제보다 3˚ 높아요",30,0.003ppm
699,수락리약수터,36.147625,127.3057887,60,2020-01-01,적합,041-746-5552,논산시 환경과,충청남도 논산시,13,"흐림, 어제보다 3˚ 높아요",30,0.003ppm
700,소룡약수터,36.09876259,127.1308669,50,2019-02-14,적합,041-746-5552,충청남도 논산시청,충청남도 논산시,13,"흐림, 어제보다 3˚ 높아요",30,0.003ppm
701,소룡리약수터,36.098748,127.1308678,60,2020-01-01,부적합,041-746-5552,논산시 환경과,충청남도 논산시,13,"흐림, 어제보다 3˚ 높아요",30,0.003ppm
702,봉화약수,36.94415461,126.6910174,50,2020-03-26,적합,041-360-6593,당진시 환경정책과,충청남도 당진시,14,"구름많음, 어제보다 3˚ 높아요",20,0.020ppm
703,이어니재 약수터,36.278784127,126.5958895753,100,2019-04-16,적합,041-930-3683,보령시 환경보호과,충청남도 보령시,16,"흐림, 어제보다 3˚ 높아요",30,0.028ppm
704,원전 약수터,36.440497838,126.5348087508,100,2019-04-16,적합,041-930-3683,보령시 환경보호과,충청남도 보령시,16,"흐림, 어제보다 3˚ 높아요",30,0.028ppm
705,구룡1리 약수,36.24591441,126.5755023,30,2020-01-23,적합,041-930-3683,보령시 환경보호과,충청남도 보령시,16,"흐림, 어제보다 3˚ 높아요",30,0.028ppm
706,웅무정 약수터,36.2440592,126.5831069,50,2019-04-16,적합,041-930-3683,보령시 환경보호과,충청남도 보령시,16,"흐림, 어제보다 3˚ 높아요",30,0.028ppm
707,신흥사 약수터,36.360835549,126.5942066991,100,2019-04-16,적합,041-930-3683,보령시 환경보호과,충청남도 보령시,16,"흐림, 어제보다 3˚ 높아요",30,0.028ppm
708,소리골 약수,36.396424,126.693136,30,2020-01-23,적합,041-930-3683,보령시 환경보호과,충청남도 보령시,16,"흐림, 어제보다 3˚ 높아요",30,0.028ppm
709,부여군 조왕사약수,36.2777231234,126.921438,30,2019-06-20,적합,041-830-2676,충청남도 부여군 상하수도사업소,충청남도 부여군,13,"흐림, 어제보다 2˚ 높아요",30,0.003ppm
710,구정문약수,36.286014,126.9124206,150,2020-02-18,적합,041-830-2676,부여군 상하수도사업소,충청남도 부여군,13,"흐림, 어제보다 2˚ 높아요",30,0.003ppm
711,부여군 왕능우물,36.276476,126.9452388262,100,2019-06-20,적합,041-830-2676,충청남도 부여군 상하수도사업소,충청남도 부여군,13,"흐림, 어제보다 2˚ 높아요",30,0.003ppm
712,태자수약수,36.291025,126.914247,60,2020-02-11,부적합,041-830-2676,부여군 상하수도사업소,충청남도 부여군,13,"흐림, 어제보다 2˚ 높아요",30,0.003ppm
713,거무내정약수,36.28306407,126.9266165,200,2020-02-11,적합,041-830-2676,부여군 상하수도사업소,충청남도 부여군,13,"흐림, 어제보다 2˚ 높아요",30,0.003ppm
714,고란약수,36.292578,126.9131688,100,2020-02-11,부적합,041-830-2676,부여군 상하수도사업소,충청남도 부여군,13,"흐림, 어제보다 2˚ 높아요",30,0.003ppm
715,부여군 고란약수,36.292411,126.913209,100,2019-06-20,적합,041-830-2676,충청남도 부여군 상하수도사업소,충청남도 부여군,13,"흐림, 어제보다 2˚ 높아요",30,0.003ppm
716,등경수약수터,36.178169,126.921788,100,2020-02-11,부적합,041-830-2676,부여군 상하수도사업소,충청남도 부여군,13,"흐림, 어제보다 2˚ 높아요",30,0.003ppm
717,진골약수터,36.125146,126.7882762,50,2020-02-10,적합,041-950-6813,서천군 맑은물사업소,충청남도 서천군,14,"흐림, 어제보다 3˚ 높아요",30,0.023ppm
718,봉서사,36.089799,126.798813,50,2020-02-10,적합,041-950-6813,서천군 맑은물사업소,충청남도 서천군,14,"흐림, 어제보다 3˚ 높아요",30,0.023ppm
719,영천약수,36.846293,126.9545734,10,2020-04-01,부적합,041-537-3562,아산시 상수도과,충청남도 아산시,13,"구름많음, 어제보다 3˚ 높아요",20,0.011ppm
720,영천약수터,36.8462826637,126.9545734299,10,2017-09-20,적합,041-537-3562,충청남도 아산시청,충청남도 아산시,13,"구름많음, 어제보다 3˚ 높아요",20,0.011ppm
721,온주약수터,36.7620861,127.0193848797,100,2017-09-20,적합,041-537-3562,충청남도 아산시청,충청남도 아산시,13,"구름많음, 어제보다 3˚ 높아요",20,0.011ppm
722,광덕사약수터,36.69961755,126.6510862,110,2020-02-04,적합,041-339-7505,예산군 환경과,충청남도 예산군,15,"흐림, 어제보다 2˚ 높아요",20,0.021ppm
723,고택약수터,36.7455433005,126.7998806486,180,2020-06-25,적합,041-339-7505,예산군청 환경과/예산읍사무소 환경팀,충청남도 예산군,15,"흐림, 어제보다 2˚ 높아요",20,0.021ppm
724,대회리약수,36.67688007,126.8398155,220,2020-01-01,부적합,041-339-7505,예산군 환경과,충청남도 예산군,15,"흐림, 어제보다 2˚ 높아요",20,0.021ppm
725,옻샘약수터,36.7140512233,126.8592038284,170,2020-06-25,적합,041-339-7505,예산군청 환경과/예산읍사무소 환경팀,충청남도 예산군,15,"흐림, 어제보다 2˚ 높아요",20,0.021ppm
726,봉대미산약수터,36.6854429438,126.8417546384,170,2020-06-25,부적합,041-339-7505,예산군청 환경과/예산읍사무소 환경팀,충청남도 예산군,15,"흐림, 어제보다 2˚ 높아요",20,0.021ppm
727,금오산약수터,36.685388,126.848998,140,2020-02-04,적합,041-339-7505,예산군 환경과,충청남도 예산군,15,"흐림, 어제보다 2˚ 높아요",20,0.021ppm
728,오소리약수터,36.6835767441,126.8375014334,190,2020-06-25,적합,041-339-7505,예산군청 환경과/예산읍사무소 환경팀,충청남도 예산군,15,"흐림, 어제보다 2˚ 높아요",20,0.021ppm
729,구성약수,36.8013709,127.168625,200,2020-02-28,부적합,041-521-3157,천안시 급수과,충청남도 천안시,14,"흐림, 어제보다 2˚ 높아요",20,0.003ppm
730,유왕골약수,36.837566,127.205219,300,2020-02-28,적합,041-521-3157,천안시 급수과,충청남도 천안시,14,"흐림, 어제보다 2˚ 높아요",20,0.003ppm
731,흑성산약수,36.79659742,127.207557,100,2020-02-28,적합,041-521-3157,천안시 급수과,충청남도 천안시,14,"흐림, 어제보다 2˚ 높아요",20,0.003ppm
732,매봉약수,36.76009007,127.3083682,500,2020-02-19,적합,041-521-3157,천안시 급수과,충청남도 천안시,14,"흐림, 어제보다 2˚ 높아요",20,0.003ppm
733,홍샘약수,36.78416482,127.1785252,200,2020-03-02,적합,041-521-3157,천안시 급수과,충청남도 천안시,14,"흐림, 어제보다 2˚ 높아요",20,0.003ppm
734,발산약수,36.728372,127.2973107,100,2020-03-02,적합,041-521-3157,천안시 급수과,충청남도 천안시,14,"흐림, 어제보다 2˚ 높아요",20,0.003ppm
735,각원사약수,36.83526716,127.1966742,550,2020-01-01,부적합,041-521-3157,천안시 급수과,충청남도 천안시,14,"흐림, 어제보다 2˚ 높아요",20,0.003ppm
736,태학산약수,36.74297065,127.087129,200,2020-02-27,적합,041-521-3157,천안시 급수과,충청남도 천안시,14,"흐림, 어제보다 2˚ 높아요",20,0.003ppm
737,휴양림약수,36.72640198,127.0927128,100,2020-02-27,적합,041-521-3157,천안시 급수과,충청남도 천안시,14,"흐림, 어제보다 2˚ 높아요",20,0.003ppm
738,성산약수,36.81061769,127.1086766,150,2020-03-23,적합,041-521-3157,천안시 급수과,충청남도 천안시,14,"흐림, 어제보다 2˚ 높아요",20,0.003ppm
739,요방약수,36.8507044,127.1880666,100,2020-01-01,부적합,041-521-3157,천안시 급수과,충청남도 천안시,14,"흐림, 어제보다 2˚ 높아요",20,0.003ppm
740,신대약수,36.85309032,127.161201,150,2020-03-23,적합,041-521-3157,천안시 급수과,충청남도 천안시,14,"흐림, 어제보다 2˚ 높아요",20,0.003ppm
741,봉서산약수,36.810321,127.125022,450,2020-02-21,적합,041-521-3157,천안시 급수과,충청남도 천안시,14,"흐림, 어제보다 2˚ 높아요",20,0.003ppm
742,우산성(하),36.453852,126.807451,100,2020-03-05,적합,041-940-2266,청양군 환경보호과,충청남도 청양군,12,"흐림, 어제보다 4˚ 높아요",20,0.024ppm
743,우성산(하)약수터,36.453685,126.807709,150,2019-07-24,적합,041-940-2262,충청남도 청양군청,충청남도 청양군,12,"흐림, 어제보다 4˚ 높아요",20,0.024ppm
744,우성산(상)약수터,36.458004,126.789768,50,2019-07-24,적합,041-940-2262,충청남도 청양군청,충청남도 청양군,12,"흐림, 어제보다 4˚ 높아요",20,0.024ppm
745,우산성(상),36.457749,126.8055551,50,2020-03-05,적합,041-940-2266,청양군 환경보호과,충청남도 청양군,12,"흐림, 어제보다 4˚ 높아요",20,0.024ppm
746,냉천골약수터,36.7658552799,126.3070929386,50,2018-07-01,적합,041-670-2536,태안군상하수도센터,충청남도 태안군,15,"구름많음, 어제보다 3˚ 높아요",20,0.033ppm
747,관음사약수터,36.49843453,126.632387,100,2020-03-16,적합,041-630-1345,홍성군 환경과,충청남도 홍성군,13,"구름많음, 어제보다 1˚ 높아요",20,0.017ppm
748,용봉약수터,36.649461,126.653296,100,2020-03-16,적합,041-630-1345,홍성군 환경과,충청남도 홍성군,13,"구름많음, 어제보다 1˚ 높아요",20,0.017ppm
749,홍주성 옥사우물,36.600953,126.6632216,50,2020-03-16,적합,041-630-1345,홍성군 환경과,충청남도 홍성군,13,"구름많음, 어제보다 1˚ 높아요",20,0.017ppm
750,공설운동장,36.812338,127.788124,150,2019-01-18,적합,043-830-3637,괴산군수도사업소,충청북도 괴산군,11,"흐림, 어제보다 3˚ 높아요",20,0.003ppm
751,찬새미약수터,36.8642699,127.7252162,60,2019-01-18,적합,043-830-3637,괴산군수도사업소,충청북도 괴산군,11,"흐림, 어제보다 3˚ 높아요",20,0.003ppm
752,솔티찬샘물,36.802218,127.9248555,120,2019-01-18,적합,043-830-3637,괴산군수도사업소,충청북도 괴산군,11,"흐림, 어제보다 3˚ 높아요",20,0.003ppm
753,월문리약수터,36.6934818,127.7368509,80,2019-01-18,적합,043-830-3637,괴산군수도사업소,충청북도 괴산군,11,"흐림, 어제보다 3˚ 높아요",20,0.003ppm
754,산막이약수터,36.754088,127.8228554,200,2019-01-18,적합,043-830-3637,괴산군수도사업소,충청북도 괴산군,11,"흐림, 어제보다 3˚ 높아요",20,0.003ppm
755,기촌,36.9785074079,128.3926905043,50,2020-03-27,적합,043-420-2663,충청북도 단양군청,충청북도 단양군,13,"흐림, 어제보다 2˚ 높아요",20,0.002ppm
756,평동,37.0317102,128.2961337,50,2020-03-27,적합,043-420-2663,충청북도 단양군청,충청북도 단양군,13,"흐림, 어제보다 2˚ 높아요",20,0.002ppm
757,내북 법주 약수터,36.5441677424,127.6243490201,20,2019-07-26,적합,043-540-4413,상하수도사업소,충청북도 보은군,11,"흐림, 어제보다 4˚ 높아요",20,0.022ppm
758,향교골 약수터,36.4909118359,127.714839144,50,2019-08-13,적합,043-540-4413,상하수도사업소,충청북도 보은군,11,"흐림, 어제보다 4˚ 높아요",20,0.022ppm
759,월송리 약수터,36.4787541113,127.7295762033,10,2019-07-26,적합,043-540-4413,상하수도사업소,충청북도 보은군,11,"흐림, 어제보다 4˚ 높아요",20,0.022ppm
760,죽전 공동우물,36.4769456885,127.719982009,40,2019-08-13,적합,043-540-4413,상하수도사업소,충청북도 보은군,11,"흐림, 어제보다 4˚ 높아요",20,0.022ppm
761,보은죽전공동우물,36.4770577646,127.717532689,50,2019-08-13,적합,043-540-4413,상하수도사업소,충청북도 보은군,11,"흐림, 어제보다 4˚ 높아요",20,0.022ppm
762,가리약수터,36.1822792,127.8349513,30,2018-06-15,적합,043-740-3423,충청북도 영동군청,충청북도 영동군,13,"흐림, 어제보다 5˚ 높아요",30,0.016ppm
763,비야골약수터,36.35579918,127.5288215,10,2019-03-21,적합,043-730-4836,충청북도 옥천군청,충청북도 옥천군,12,"흐림, 어제보다 3˚ 높아요",30,0.006ppm
764,가산사우물,36.40162588,127.5975756224,10,2019-03-21,적합,043-730-4836,충청북도 옥천군청,충청북도 옥천군,12,"흐림, 어제보다 3˚ 높아요",30,0.006ppm
765,월외우물,36.42861171,127.641632,10,2018-11-29,적합,043-730-4836,충청북도 옥천군청,충청북도 옥천군,12,"흐림, 어제보다 3˚ 높아요",30,0.006ppm
766,교평약수터,36.356014,127.800621,10,2018-11-29,적합,043-730-4836,충청북도 옥천군청,충청북도 옥천군,12,"흐림, 어제보다 3˚ 높아요",30,0.006ppm
767,덕의봉약수터,36.353132,127.7859739138,10,2019-03-21,부적합,043-730-4836,충청북도 옥천군청,충청북도 옥천군,12,"흐림, 어제보다 3˚ 높아요",30,0.006ppm
768,몽암사약수터,37.1148000243,128.1899644229,50,2019-03-12,적합,043-641-3704,충청북도 제천시 수도사업소,충청북도 제천시,10,"흐림, 어제보다 2˚ 높아요",20,0.003ppm
769,구룡약수터,37.070958,128.1717859917,50,2019-03-12,적합,043-641-3704,충청북도 제천시 수도사업소,충청북도 제천시,10,"흐림, 어제보다 2˚ 높아요",20,0.003ppm
770,용터약수터,37.170631,128.2075650084,80,2019-03-12,적합,043-641-3704,충청북도 제천시 수도사업소,충청북도 제천시,10,"흐림, 어제보다 2˚ 높아요",20,0.003ppm
771,피재골약수터,37.193096,128.191756,300,2019-03-12,적합,043-641-3704,충청북도 제천시 수도사업소,충청북도 제천시,10,"흐림, 어제보다 2˚ 높아요",20,0.003ppm
772,사찰약수터,37.173387,128.213541,100,2019-03-12,적합,043-641-3704,충청북도 제천시 수도사업소,충청북도 제천시,10,"흐림, 어제보다 2˚ 높아요",20,0.003ppm
773,포전약수터,37.1903002371,128.2309305595,40,2019-03-12,적합,043-641-3704,충청북도 제천시 수도사업소,충청북도 제천시,10,"흐림, 어제보다 2˚ 높아요",20,0.003ppm
774,등너머약수터,37.1384472898,128.1866707787,150,2019-03-12,적합,043-641-3704,충청북도 제천시 수도사업소,충청북도 제천시,10,"흐림, 어제보다 2˚ 높아요",20,0.003ppm
775,하소약수터,37.142268,128.188959,350,2019-03-12,적합,043-641-3704,충청북도 제천시 수도사업소,충청북도 제천시,10,"흐림, 어제보다 2˚ 높아요",20,0.003ppm
776,대봉약수터,36.485888,127.344434,50,2019-08-29,부적합,043-835-4083,증평군,충청북도 증평군,12,"흐림, 어제보다 2˚ 높아요",20,0.005ppm
777,좌구산휴양림약수터,36.7054168,127.6511754,100,2019-08-29,적합,043-835-4083,증평군,충청북도 증평군,12,"흐림, 어제보다 2˚ 높아요",20,0.005ppm
778,증안골약수,36.455554,127.356361,50,2019-08-29,부적합,043-835-4083,증평군,충청북도 증평군,12,"흐림, 어제보다 2˚ 높아요",20,0.005ppm
779,엽돈제약수터,36.8893761,127.3296322,120,2020-05-01,적합,043-539-7647,충청북도 진천군,충청북도 진천군,12,"흐림, 어제보다 2˚ 높아요",20,0.005ppm
780,남산골약수터,36.8463412,127.4408637,100,2020-05-01,적합,043-539-7647,충청북도 진천군,충청북도 진천군,12,"흐림, 어제보다 2˚ 높아요",20,0.005ppm
781,보련약수터,36.84569985,127.3626101,50,2020-05-01,적합,043-539-7647,충청북도 진천군,충청북도 진천군,12,"흐림, 어제보다 2˚ 높아요",20,0.005ppm
782,용호사,36.64587405,127.5108076,40,2020-03-30,적합,043-201-5332,청주시 상당구청,충청북도 청주시,11,"흐림, 어제보다 0˚ 높아요",20,0.020ppm
783,산성등산로2,36.661094,127.531491,80,2020-03-30,적합,043-201-5332,청주시 상당구청,충청북도 청주시,11,"흐림, 어제보다 0˚ 높아요",20,0.020ppm
784,어린이회관등산로,36.649431,127.516482,100,2020-03-30,적합,043-201-5332,청주시 상당구청,충청북도 청주시,11,"흐림, 어제보다 0˚ 높아요",20,0.020ppm
785,잠방골옹달샘,36.639149,127.650783,70,2020-03-30,적합,043-201-5332,청주시 상당구청,충청북도 청주시,11,"흐림, 어제보다 0˚ 높아요",20,0.020ppm
786,옥화유원지공동우물3,36.617511,127.703871,50,2019-07-31,적합,043-201-5332,청주시 상당구청,충청북도 청주시,11,"흐림, 어제보다 0˚ 높아요",20,0.020ppm
787,옥화유원지공동우물1,36.612945,127.701254,60,2019-07-31,적합,043-201-5332,청주시 상당구청,충청북도 청주시,11,"흐림, 어제보다 0˚ 높아요",20,0.020ppm
788,청석굴공동우물,36.619942,127.681818,50,2019-07-31,적합,043-201-5332,청주시 상당구청,충청북도 청주시,11,"흐림, 어제보다 0˚ 높아요",20,0.020ppm
789,상봉재,36.662179,127.548131,40,2020-03-30,적합,043-201-5332,청주시 상당구청,충청북도 청주시,11,"흐림, 어제보다 0˚ 높아요",20,0.020ppm
790,산성등산로3,36.6647184,127.5425868,40,2020-03-30,적합,043-201-5332,청주시 상당구청,충청북도 청주시,11,"흐림, 어제보다 0˚ 높아요",20,0.020ppm
791,우암산등산로1,36.64199721,127.499331,60,2020-03-30,적합,043-201-5332,청주시 상당구청,충청북도 청주시,11,"흐림, 어제보다 0˚ 높아요",20,0.020ppm
792,광덕사,36.642457,127.5037088,100,2020-03-30,적합,043-201-5332,청주시 상당구청,충청북도 청주시,11,"흐림, 어제보다 0˚ 높아요",20,0.020ppm
793,고씨우물,36.646411,127.507521,200,2020-03-30,적합,043-201-5332,청주시 상당구청,충청북도 청주시,11,"흐림, 어제보다 0˚ 높아요",20,0.020ppm
794,보살사,36.628471,127.536475,80,2020-03-30,적합,043-201-5332,청주시 상당구청,충청북도 청주시,11,"흐림, 어제보다 0˚ 높아요",20,0.020ppm
795,장구봉등산로,36.623861,127.445436,100,2019-11-11,적합,043-201-6332,청주시 서원구청,충청북도 청주시,11,"흐림, 어제보다 0˚ 높아요",20,0.020ppm
796,청화사,36.624256,127.475591,100,2020-03-26,적합,043-201-6332,청주시 서원구청,충청북도 청주시,11,"흐림, 어제보다 0˚ 높아요",20,0.020ppm
797,매봉산정상,36.624221,127.475612,150,2020-03-26,적합,043-201-6332,청주시 서원구청,충청북도 청주시,11,"흐림, 어제보다 0˚ 높아요",20,0.020ppm
798,구룡산정상,36.619772,127.465816,500,2020-03-26,적합,043-201-6332,청주시 서원구청,충청북도 청주시,11,"흐림, 어제보다 0˚ 높아요",20,0.020ppm
799,양지등산로공동우물,36.479905,127.430443,50,2020-03-26,부적합,043-201-6332,청주시 서원구청,충청북도 청주시,11,"흐림, 어제보다 0˚ 높아요",20,0.020ppm
800,초정약수원탕매점,36.720659067,127.6005325939,150,2019-11-14,적합,043-201-8334,청주시 청원구청,충청북도 청주시,11,"흐림, 어제보다 0˚ 높아요",20,0.020ppm
801,원산면옥(초정약수터),36.720659067,127.6005325939,150,2019-11-14,적합,043-201-8334,청주시 청원구청,충청북도 청주시,11,"흐림, 어제보다 0˚ 높아요",20,0.020ppm
802,초정공원,36.721797,127.601585,100,2018-05-09,적합,043-201-8334,청주시 청원구청,충청북도 청주시,11,"흐림, 어제보다 0˚ 높아요",20,0.020ppm
803,보성아파트,36.6651297,127.4777005,100,2020-03-12,적합,043-201-8334,청주시 청원구청,충청북도 청주시,11,"흐림, 어제보다 0˚ 높아요",20,0.020ppm
804,산성등산로1,36.665455,127.532071,50,2020-03-12,적합,043-201-8334,청주시 청원구청,충청북도 청주시,11,"흐림, 어제보다 0˚ 높아요",20,0.020ppm
805,풍년공원,36.62974102,127.433265,100,2019-11-05,적합,043-201-7335,청주시 흥덕구청,충청북도 청주시,11,"흐림, 어제보다 0˚ 높아요",20,0.020ppm
806,벽산아파트,36.63254418,127.4336079,150,2020-03-16,적합,043-201-7335,청주시 흥덕구청,충청북도 청주시,11,"흐림, 어제보다 0˚ 높아요",20,0.020ppm
807,삼일아파트,36.627011,127.4418369,100,2019-12-16,적합,043-201-7335,청주시 흥덕구청,충청북도 청주시,11,"흐림, 어제보다 0˚ 높아요",20,0.020ppm
808,명심근린공원,36.656978,127.462441,100,2020-03-26,부적합,043-201-7335,청주시 흥덕구청,충청북도 청주시,11,"흐림, 어제보다 0˚ 높아요",20,0.020ppm
809,묘안옹달샘,36.661697,127.352687,20,2020-03-16,부적합,043-201-7335,청주시 흥덕구청,충청북도 청주시,11,"흐림, 어제보다 0˚ 높아요",20,0.020ppm
810,다릿재,37.10700401,127.9930068,50,2020-06-19,적합,043-850-3642,충청북도 충주시청,충청북도 충주시,11,"흐림, 어제보다 1˚ 높아요",20,0.002ppm
811,세계사,36.82012863,128.094703,50,2020-06-19,적합,043-850-3642,충청북도 충주시청,충청북도 충주시,11,"흐림, 어제보다 1˚ 높아요",20,0.002ppm
812,샘골,36.96160237,127.9570621,30,2020-06-19,적합,043-850-3642,충청북도 충주시청,충청북도 충주시,11,"흐림, 어제보다 1˚ 높아요",20,0.002ppm
813,마즈막재,36.97931666,127.9950872,50,2020-06-19,적합,043-850-3642,충청북도 충주시청,충청북도 충주시,11,"흐림, 어제보다 1˚ 높아요",20,0.002ppm
814,탄금대,36.98825212,127.898291,30,2020-05-22,부적합,043-850-3642,충청북도 충주시청,충청북도 충주시,11,"흐림, 어제보다 1˚ 높아요",20,0.002ppm
815,범바위,36.950153,127.951753,40,2020-06-19,적합,043-850-3642,충청북도 충주시청,충청북도 충주시,11,"흐림, 어제보다 1˚ 높아요",20,0.002ppm
